{"energy": 64.39090646508872, "energy_cost": 5.411921678781829, "total_temp_violation": 1.117683385905238, "max_temp_violation": 0.2249874708305697}