{"alpha": [1.0, 1.0, 1.0, 1.0], "beta": [-185.50293278318517, 1278.7471693650489], "gamma": [2375.4265825319667, -14.945664507953511, 0.02343792348714215]}