{"alpha": [1.576539769954335, -1.032288908106379, 0.20722409796143465, -0.00046891335809210496], "beta": [-24.482881646883865, 256.3182661623573], "gamma": [963.5200794186006, -6.409914251998016, 0.010670565853032818]}