{"alpha": [0.9551930928514473, 1.0, 1.0, 1.0], "beta": 0.08581376458608048, "gamma": 0.04489564166762791}