{"alpha": [2.1033316252752865, -1.373964999721128, 0.193706503973548, 0.06703437136234104], "beta": 0.009685386547851275, "gamma": 0.009892135424554426}