{"u_opt": [0.1, 0.1, 0.1, 0.1, 0.1, 0.1, 0.1, 0.1, 0.1, 0.1, 0.1, 0.1, 0.1, 0.1, 0.1, 0.1, 0.10000000000003179, 0.10000000000003179, 0.10000000000003179, 0.10000000000003179, 0.10000000000003179, 0.10000000000003179, 0.11308196897246758, 0.13454960565415353, 0.10000000000003609, 0.10000000000002972, 0.10000000000006697, 0.10000000000002972, 0.10000000000002972, 0.10000000000002972, 0.10000000000003609, 0.10000000000002972, 0.10000000000002972, 0.10000000000003609, 0.10000000000003609, 0.10000000000002972, 0.2117100520891268, 0.10000000000003609, 0.21868694117666201, 0.22163918298060406, 0.22426805625485483, 0.7223031864957543, 0.10000000000003609, 0.9999999999999586, 0.2265929766532117, 0.9999999999999929, 0.22863066882479405, 0.9999999999999615, 0.2857985949789497, 0.9999999999999343, 0.9999999999999654, 0.9999999999999653, 0.9999999999999932, 0.9999999999999554, 0.999999999999931, 0.9999999999999653, 0.9999999999999516, 0.9999999999998925, 0.8170809461081505, 0.2271289754922246, 0.9999999999999492, 0.22487713386799865, 0.999999999999955, 0.22093229577906062, 0.9999999999999617, 0.21789564178656465, 0.9999999999999584, 0.10000000000003609, 0.9999999999999584, 0.10000000000002972, 0.9999999999999519, 0.10000000000003609, 0.9999999999999178, 0.10000000000002972, 0.2447184569522384, 0.19229373103332387, 0.18587913878622228, 0.17657296390875676, 0.1652900435564165, 0.15080732027043034, 0.12908251684524208, 0.13927309964411688, 0.1472961585882467, 0.15406858457907946, 0.1599931843642148, 0.15406858457907946, 0.1472961585882467, 0.13927309964411688, 0.12908251684524208, 0.12908251684524208, 0.12908251684524208, 0.12908251684524208, 0.12908251684524208, 0.11308196897246758, 0.10000000000003179, 0.10000000000003179], "t_opt": [19440000.0, 19440900.0, 19441800.0, 19442700.0, 19443600.0, 19444500.0, 19445400.0, 19446300.0, 19447200.0, 19448100.0, 19449000.0, 19449900.0, 19450800.0, 19451700.0, 19452600.0, 19453500.0, 19454400.0, 19455300.0, 19456200.0, 19457100.0, 19458000.0, 19458900.0, 19459800.0, 19460700.0, 19461600.0, 19462500.0, 19463400.0, 19464300.0, 19465200.0, 19466100.0, 19467000.0, 19467900.0, 19468800.0, 19469700.0, 19470600.0, 19471500.0, 19472400.0, 19473300.0, 19474200.0, 19475100.0, 19476000.0, 19476900.0, 19477800.0, 19478700.0, 19479600.0, 19480500.0, 19481400.0, 19482300.0, 19483200.0, 19484100.0, 19485000.0, 19485900.0, 19486800.0, 19487700.0, 19488600.0, 19489500.0, 19490400.0, 19491300.0, 19492200.0, 19493100.0, 19494000.0, 19494900.0, 19495800.0, 19496700.0, 19497600.0, 19498500.0, 19499400.0, 19500300.0, 19501200.0, 19502100.0, 19503000.0, 19503900.0, 19504800.0, 19505700.0, 19506600.0, 19507500.0, 19508400.0, 19509300.0, 19510200.0, 19511100.0, 19512000.0, 19512900.0, 19513800.0, 19514700.0, 19515600.0, 19516500.0, 19517400.0, 19518300.0, 19519200.0, 19520100.0, 19521000.0, 19521900.0, 19522800.0, 19523700.0, 19524600.0, 19525500.0]}