{"u_opt": [0.1, 0.1, 0.1, 0.1, 0.1, 0.1, 0.1, 0.1, 0.1, 0.1, 0.1, 0.1, 0.1, 0.1, 0.1, 0.1, 0.4762196219178432, 0.43574636287231494, 0.6285344738351836, 0.6422422976627433, 0.598648268396951, 0.6126148995398648, 0.6129136523030295, 0.6267672036851121, 0.6412445423686158, 0.6458350145597309, 0.6475250877518557, 0.6462782250130791, 0.644677962140856, 0.6264334242552972, 0.6144166615128108, 0.6212369946541234, 0.644983888273498, 0.6426703813061382, 0.6375267937531462, 0.6355690897280372, 0.638727094835296, 0.6334099110311877, 0.6287107455310149, 0.624004286339504, 0.6222275250002773, 0.6324994331350605, 0.6548338672673545, 0.6619971428584528, 0.6412445423686158, 0.6199870920499817, 0.6000252618248856, 0.5876101783108968, 0.5858012958178066, 0.43574636287231494, 0.999997767662968, 0.6467060252658494, 0.10002873727769104, 0.43574636287231494, 0.11395650107856337, 0.43574636287231494, 0.4478724668746613, 0.9999977676612656, 0.9212256035137865, 0.8644342008356489, 0.8218566255627654, 0.632236965312989, 0.43574636287231494, 0.43574636287231494, 0.43574636287231494, 0.43574636287231494, 0.5214521461993852, 0.5683978559120497, 0.6244857297828403, 0.6572759668981004, 0.6518255309100076, 0.6422822719946912, 0.6212918180527185, 0.5924778174412741, 0.5712991832348724, 0.5650891725406991, 0.43574636287231494, 0.43574636287231494, 0.43574636287231494, 0.512620292844896, 0.5307002461809316, 0.5690330430987652, 0.5979935071727388, 0.6135223379328982, 0.6354219266923046, 0.6307081213577939, 0.620514614033752, 0.6049566410817899, 0.5877755397197304, 0.5865428601537073, 0.5908271933335567, 0.5983537173106108, 0.6053876390023283, 0.5991973863727507, 0.589816334852898, 0.5784631029125098], "t_opt": [19440000.0, 19440900.0, 19441800.0, 19442700.0, 19443600.0, 19444500.0, 19445400.0, 19446300.0, 19447200.0, 19448100.0, 19449000.0, 19449900.0, 19450800.0, 19451700.0, 19452600.0, 19453500.0, 19454400.0, 19455300.0, 19456200.0, 19457100.0, 19458000.0, 19458900.0, 19459800.0, 19460700.0, 19461600.0, 19462500.0, 19463400.0, 19464300.0, 19465200.0, 19466100.0, 19467000.0, 19467900.0, 19468800.0, 19469700.0, 19470600.0, 19471500.0, 19472400.0, 19473300.0, 19474200.0, 19475100.0, 19476000.0, 19476900.0, 19477800.0, 19478700.0, 19479600.0, 19480500.0, 19481400.0, 19482300.0, 19483200.0, 19484100.0, 19485000.0, 19485900.0, 19486800.0, 19487700.0, 19488600.0, 19489500.0, 19490400.0, 19491300.0, 19492200.0, 19493100.0, 19494000.0, 19494900.0, 19495800.0, 19496700.0, 19497600.0, 19498500.0, 19499400.0, 19500300.0, 19501200.0, 19502100.0, 19503000.0, 19503900.0, 19504800.0, 19505700.0, 19506600.0, 19507500.0, 19508400.0, 19509300.0, 19510200.0, 19511100.0, 19512000.0, 19512900.0, 19513800.0, 19514700.0, 19515600.0, 19516500.0, 19517400.0, 19518300.0, 19519200.0, 19520100.0, 19521000.0, 19521900.0, 19522800.0, 19523700.0, 19524600.0, 19525500.0]}