{"u_opt": [0.1, 0.1, 0.1, 0.1, 0.1, 0.1, 0.1, 0.1, 0.1, 0.1, 0.1, 0.1, 0.1, 0.1, 0.1, 0.1, 0.10000058849363319, 0.09999960179972864, 0.09999984482068831, 0.1, 0.1000018004538013, 0.10001332222001316, 0.10005673956169531, 0.09999983468683679, 0.10000471712076864, 0.09999930565612981, 0.10002936537879889, 0.09999988267409143, 0.10000068884796952, 0.10000797618996983, 0.10000930111311512, 0.10000200739863645, 0.10000258416958949, 0.09999974767804817, 0.09999936357241188, 0.10000227835832319, 0.09999979971940609, 0.10002191890143246, 0.10000722446645458, 0.10826137403710676, 0.1013874499123556, 0.9999997583096671, 0.10000079578964972, 0.9999993781468455], "t_opt": [18316800.0, 18317700.0, 18318600.0, 18319500.0, 18320400.0, 18321300.0, 18322200.0, 18323100.0, 18324000.0, 18324900.0, 18325800.0, 18326700.0, 18327600.0, 18328500.0, 18329400.0, 18330300.0, 18331200.0, 18332100.0, 18333000.0, 18333900.0, 18334800.0, 18335700.0, 18336600.0, 18337500.0, 18338400.0, 18339300.0, 18340200.0, 18341100.0, 18342000.0, 18342900.0, 18343800.0, 18344700.0, 18345600.0, 18346500.0, 18347400.0, 18348300.0, 18349200.0, 18350100.0, 18351000.0, 18351900.0, 18352800.0, 18353700.0, 18354600.0, 18355500.0]}