{"u_opt": [0.1, 0.1, 0.1, 0.1, 0.1, 0.1, 0.1, 0.1, 0.1, 0.1, 0.1, 0.1, 0.1, 0.1, 0.1, 0.1, 0.10000000000000715, 0.10000000000000363, 0.10000000000000697, 0.10000000000004808, 0.10000000000002567, 0.10000000000005263, 0.10000000000000364, 0.10000000000004766, 0.1000000000000868, 0.10000000000004472, 0.10000000000001077, 0.1000000000000566, 0.10000000000002393, 0.10000000000004126, 0.10000000000001112, 0.10000000000000706, 0.10000000000000701, 0.10000000002956101, 0.10000000000000105, 0.5300479491894112, 0.10000000000004104, 0.9999999999999861, 0.4695248712115029, 0.9999999999999587, 0.10000000000001458, 0.9999999999999952, 0.9306516844314565, 0.1000000000000072, 0.10000000000000245, 0.999999999999993, 0.13804999306223462, 0.18938422083518702, 0.9999999999999899, 0.13804999306223462, 0.5725755278410416, 0.10000000000007198, 0.21828726386007627, 0.10000000000000765, 0.16489023801553682, 0.9999999999999989, 0.2565721261009521, 0.7275219537889546, 0.10000000000001094, 0.8955008018303764, 0.7456169552885062, 0.9999999999999528, 0.10000000000001076, 0.41667366123346056, 0.10000000000003748, 0.10000000000001419, 0.9999999999999829, 0.34745709065379804, 0.9999999999999829, 0.9999999999999528, 0.10000000000000746, 0.10000000000000729, 0.10000000000000735, 0.14466082030541746, 0.37293298662934393, 0.10000000000000714, 0.9877671334018836, 0.16927533374655057, 0.9999999999999865, 0.5810145693712283, 0.6870845186866883, 0.10000000000001082, 0.6870845186866883, 0.21106719942061236, 0.6870845186866883, 0.3180449902765652, 0.6870845186866883, 0.9999999999998879, 0.10000000000001054, 0.6870845186866883, 0.7628459213945467, 0.10000000000002876, 0.6870845186866883, 0.5871905878701524, 0.10000000000001122, 0.23324551579737718], "t_opt": [19440000.0, 19440900.0, 19441800.0, 19442700.0, 19443600.0, 19444500.0, 19445400.0, 19446300.0, 19447200.0, 19448100.0, 19449000.0, 19449900.0, 19450800.0, 19451700.0, 19452600.0, 19453500.0, 19454400.0, 19455300.0, 19456200.0, 19457100.0, 19458000.0, 19458900.0, 19459800.0, 19460700.0, 19461600.0, 19462500.0, 19463400.0, 19464300.0, 19465200.0, 19466100.0, 19467000.0, 19467900.0, 19468800.0, 19469700.0, 19470600.0, 19471500.0, 19472400.0, 19473300.0, 19474200.0, 19475100.0, 19476000.0, 19476900.0, 19477800.0, 19478700.0, 19479600.0, 19480500.0, 19481400.0, 19482300.0, 19483200.0, 19484100.0, 19485000.0, 19485900.0, 19486800.0, 19487700.0, 19488600.0, 19489500.0, 19490400.0, 19491300.0, 19492200.0, 19493100.0, 19494000.0, 19494900.0, 19495800.0, 19496700.0, 19497600.0, 19498500.0, 19499400.0, 19500300.0, 19501200.0, 19502100.0, 19503000.0, 19503900.0, 19504800.0, 19505700.0, 19506600.0, 19507500.0, 19508400.0, 19509300.0, 19510200.0, 19511100.0, 19512000.0, 19512900.0, 19513800.0, 19514700.0, 19515600.0, 19516500.0, 19517400.0, 19518300.0, 19519200.0, 19520100.0, 19521000.0, 19521900.0, 19522800.0, 19523700.0, 19524600.0, 19525500.0]}