{"base": {"rewards": -746.9397877794274, "energy": 57.37203154523426, "ene_cost": 7.162639636278628, "total_temp_violation": 2.0009065168305966, "max_temp_violation": 2.324494511283717, "delta_action": 1.841028565061952, "temp_violation_squared": 13.759321344200727, "delta_action_sqaured": 1.6916502807363774}, "mpc": {"rewards": -506.82141417710005, "energy": 66.08407516415028, "ene_cost": 4.922877241224546, "total_temp_violation": 7.506189494853288, "max_temp_violation": 0.682343206298583, "delta_action": 3.348058672518351, "temp_violation_squared": 7.089578334798594, "delta_action_sqaured": 0.7444111719846873}}