{"energy": 58.648769776485636, "energy_cost": 5.797804399390914, "total_temp_violation": 11.09996851485161, "max_temp_violation": 0.9451747670189548}