{"base": {"rewards": [-746.9397877794274], "ene_cost": [7.162639636278628], "total_temp_violation": [2.0009065168305966], "max_temp_violation": [2.324494511283717], "temp_violation_squared": [13.759321344200727], "delta_action_sqaured": [1.6916502807363774]}, "mpc": {"rewards": [-616.4499950038172], "ene_cost": [6.086135086776061], "total_temp_violation": [1.6136682681010512], "max_temp_violation": [0.3334122769978194], "temp_violation_squared": [0.7616923337414443], "delta_action_sqaured": [0.7074793992469723]}}