{"base": {"rewards": [-725.6009591664617], "ene_cost": [7.10917442041223], "total_temp_violation": [0.5439026769235795], "max_temp_violation": [1.8857407906803019], "temp_violation_squared": [3.6400428984252824], "delta_action_sqaured": [1.1043474226813355]}, "mpc": {"rewards": [-616.4499950038172], "ene_cost": [6.086135086776061], "total_temp_violation": [1.6136682681010512], "max_temp_violation": [0.3334122769978194], "temp_violation_squared": [0.7616923337414443], "delta_action_sqaured": [0.7074793992469723]}}