{"energy": 55.15933290760174, "energy_cost": 5.716588172173286, "total_temp_violation": 5.1859638442517735, "max_temp_violation": 0.8307099276935332}