{"energy": 58.20062823713596, "energy_cost": 5.958829666048997, "total_temp_violation": 7.375868527614244, "max_temp_violation": 0.6828217566335866}