{"energy": 68.79162821935451, "energy_cost": 5.659689426492583, "total_temp_violation": 1.0659499866031297, "max_temp_violation": 0.27294876543703595}