{"base": {"rewards": -746.9397877794274, "energy": 57.37203154523426, "ene_cost": 7.162639636278628, "total_temp_violation": 2.0009065168305966, "max_temp_violation": 2.324494511283717, "delta_action": 1.841028565061952, "temp_violation_squared": 13.759321344200727, "delta_action_sqaured": 1.6916502807363774}, "mpc": {"rewards": -578.4852198609825, "energy": 50.927384838452596, "ene_cost": 5.575690681935752, "total_temp_violation": 9.524116849763047, "max_temp_violation": 0.4672369209303042, "delta_action": 3.2432604832422935, "temp_violation_squared": 9.273031419696125, "delta_action_sqaured": 1.1643120247711225}}