{"u_opt": [[3.9536875322873416e-07], [5.5916303097838086e-08], [4.2600117575366795e-07], [7.012752440052165e-10]], "t_opt": [17366400.0, 17367300.0, 17368200.0, 17369100.0]}