{"base": {"energy": [2.931939926284887], "energy_cost": [0.3677392658981314], "total_temp_violation": [0.0], "max_temp_violation": [0.0]}, "mpc": {"energy": [3.0748130667362013], "energy_cost": [0.375312424016618], "total_temp_violation": [0.17287092040481866], "max_temp_violation": [0.09322690413239343]}}