{"alpha": [2.044875402545769, -1.3416833469911322, 0.19815318342890995, 0.06385773304883345], "beta": 0.07826740460068192, "gamma": 0.03454395083553603}