{"u_opt": [0.1, 0.1, 0.1, 0.1, 0.1, 0.1, 0.1, 0.1, 0.1, 0.1, 0.1, 0.1, 0.1, 0.1, 0.1, 0.1, 0.100000000000045, 0.10000000000001776, 0.10000000000002886, 0.10000000000000811, 0.10000000000000475, 0.10000000000004454, 0.10000000000001996, 0.10000000000001742, 0.10000000000000264, 0.10000000000000744, 0.10000000000000249, 0.10000000000000256, 0.10000000000001091, 0.10000000000000897, 0.10000000000001043, 0.10000000000001782, 0.10000000000002071, 0.10980900431832197, 0.13266175126799434, 0.126371217011729, 0.1589434303970883, 0.18384450732902613, 0.20378794000417746, 0.25640962004001466, 0.2418426561195185, 0.2770609895427108, 0.2978346169747642, 0.3240622062053141, 0.3490006270415276, 0.3787968041752788, 0.40851410022615653, 0.5030096458177965, 0.39201104682387816, 0.4712273594771042, 0.42310443525278674, 0.4690491398758914, 0.44991353512098897, 0.46285278810946956, 0.45143830208303604, 0.4517940052393871, 0.44170271882211004, 0.43530446927711886, 0.42450322619784353, 0.41494751349566483, 0.4031759246174367, 0.3785565687155112, 0.3613681228067004, 0.3384842388613947, 0.32109999637371484, 0.31389356869281304, 0.29945635274027904, 0.2902442905864251, 0.2755403248267545, 0.2586418253401955, 0.24380108022850358, 0.2270907586404658, 0.21244300190087104, 0.17758860014687586, 0.16531515454608034, 0.13648239798104733, 0.12975780394908726, 0.12975780394908726, 0.12975780394908726, 0.12975780394908726, 0.12975780394908726, 0.12975780394908726, 0.12975780394908726, 0.12975780394908726, 0.12975780394908726, 0.12975780394908726, 0.12975780394908726, 0.12975780291699926, 0.12975780291699926, 0.1297578023857706, 0.1297578032400329, 0.12975780253808447, 0.12975780265713538, 0.12975780176549032, 0.12975780293096287, 0.12975780275625565], "t_opt": [19440000.0, 19440900.0, 19441800.0, 19442700.0, 19443600.0, 19444500.0, 19445400.0, 19446300.0, 19447200.0, 19448100.0, 19449000.0, 19449900.0, 19450800.0, 19451700.0, 19452600.0, 19453500.0, 19454400.0, 19455300.0, 19456200.0, 19457100.0, 19458000.0, 19458900.0, 19459800.0, 19460700.0, 19461600.0, 19462500.0, 19463400.0, 19464300.0, 19465200.0, 19466100.0, 19467000.0, 19467900.0, 19468800.0, 19469700.0, 19470600.0, 19471500.0, 19472400.0, 19473300.0, 19474200.0, 19475100.0, 19476000.0, 19476900.0, 19477800.0, 19478700.0, 19479600.0, 19480500.0, 19481400.0, 19482300.0, 19483200.0, 19484100.0, 19485000.0, 19485900.0, 19486800.0, 19487700.0, 19488600.0, 19489500.0, 19490400.0, 19491300.0, 19492200.0, 19493100.0, 19494000.0, 19494900.0, 19495800.0, 19496700.0, 19497600.0, 19498500.0, 19499400.0, 19500300.0, 19501200.0, 19502100.0, 19503000.0, 19503900.0, 19504800.0, 19505700.0, 19506600.0, 19507500.0, 19508400.0, 19509300.0, 19510200.0, 19511100.0, 19512000.0, 19512900.0, 19513800.0, 19514700.0, 19515600.0, 19516500.0, 19517400.0, 19518300.0, 19519200.0, 19520100.0, 19521000.0, 19521900.0, 19522800.0, 19523700.0, 19524600.0, 19525500.0]}