{"u_opt": [0.1, 0.1, 0.1, 0.1, 0.1, 0.1, 0.1, 0.1, 0.1, 0.1, 0.1, 0.1, 0.1, 0.1, 0.1, 0.1, 0.1000000000001028, 0.10000000000003462, 0.10000000000000894, 0.10000000000000005, 0.10000000000002122, 0.1000000000000005, 0.10000000000000234, 0.10000000000000096, 0.10000000000000984, 0.100000000000013, 0.10000000000001173, 0.10000000000000389, 0.10000000000004866, 0.10000000000000374, 0.10000000000000014, 0.10000000000000143, 0.10000000000000163, 0.10000000003808204, 0.14569835526552485, 0.14171339554148935, 0.15209194438310322, 0.16143349940656124, 0.1852166796165124, 0.2113609287285325, 0.25627861080217773, 0.2839543829868165, 0.30220400445522894, 0.3201007923725959, 0.3359716272882571, 0.36010080578963616, 0.3819901097514476, 0.40420501037245216, 0.41363541813230653, 0.4196296532207973, 0.42481241850080464, 0.43093321625379444, 0.4387483084362026, 0.4398299403584175, 0.4388262787115344, 0.43569665278156566, 0.4308975097291474, 0.4242424004875972, 0.4158113926439895, 0.40613370174323943, 0.3955728082646415, 0.3747858226786742, 0.3655647237984444, 0.33544977969116146, 0.3236565897684082, 0.3130649699900845, 0.30336658059698346, 0.2940085852059801, 0.28440684746474376, 0.26589322010545535, 0.2528840782560061, 0.23915809168269317, 0.23816894353066037, 0.17566900389787024, 0.15829217610538546, 0.12975780254738747, 0.12975780394908726, 0.12975780394908726, 0.12975780394908726, 0.12975780394908726, 0.12975780394908726, 0.12975780394908726, 0.12975780394908726, 0.12975780394908726, 0.12975780394908726, 0.12975780394908726, 0.12975780291699926, 0.12975780291699926, 0.12975780217785765, 0.12975780277893947, 0.12975780272351972, 0.12975780315207402, 0.12975780217429247, 0.12975780233581177, 0.12975780203380863, 0.12975780194924064], "t_opt": [19440000.0, 19440900.0, 19441800.0, 19442700.0, 19443600.0, 19444500.0, 19445400.0, 19446300.0, 19447200.0, 19448100.0, 19449000.0, 19449900.0, 19450800.0, 19451700.0, 19452600.0, 19453500.0, 19454400.0, 19455300.0, 19456200.0, 19457100.0, 19458000.0, 19458900.0, 19459800.0, 19460700.0, 19461600.0, 19462500.0, 19463400.0, 19464300.0, 19465200.0, 19466100.0, 19467000.0, 19467900.0, 19468800.0, 19469700.0, 19470600.0, 19471500.0, 19472400.0, 19473300.0, 19474200.0, 19475100.0, 19476000.0, 19476900.0, 19477800.0, 19478700.0, 19479600.0, 19480500.0, 19481400.0, 19482300.0, 19483200.0, 19484100.0, 19485000.0, 19485900.0, 19486800.0, 19487700.0, 19488600.0, 19489500.0, 19490400.0, 19491300.0, 19492200.0, 19493100.0, 19494000.0, 19494900.0, 19495800.0, 19496700.0, 19497600.0, 19498500.0, 19499400.0, 19500300.0, 19501200.0, 19502100.0, 19503000.0, 19503900.0, 19504800.0, 19505700.0, 19506600.0, 19507500.0, 19508400.0, 19509300.0, 19510200.0, 19511100.0, 19512000.0, 19512900.0, 19513800.0, 19514700.0, 19515600.0, 19516500.0, 19517400.0, 19518300.0, 19519200.0, 19520100.0, 19521000.0, 19521900.0, 19522800.0, 19523700.0, 19524600.0, 19525500.0]}