{"energy": 58.630871277935235, "energy_cost": 5.890063939516802, "total_temp_violation": 7.7193870745044535, "max_temp_violation": 0.7344697979362422}