{"base": {"rewards": [-725.6009591664617], "ene_cost": [7.10917442041223], "total_temp_violation": [0.5439026769235795], "max_temp_violation": [1.8857407906803019], "temp_violation_squared": [3.6400428984252824], "delta_action_sqaured": [1.1043474226813355]}, "mpc": {"rewards": [-577.7534347059369], "ene_cost": [5.5138398844901815], "total_temp_violation": [1.8026278981289607], "max_temp_violation": [0.507556790797878], "temp_violation_squared": [1.9395054292887814], "delta_action_sqaured": [2.4429940827629903]}}