{"base": {"rewards": [-746.9397877794274], "ene_cost": [7.162639636278628], "total_temp_violation": [2.0009065168305966], "max_temp_violation": [2.324494511283717], "temp_violation_squared": [13.759321344200727], "delta_action_sqaured": [1.6916502807363774]}, "mpc": {"rewards": [-577.7534347059369], "ene_cost": [5.5138398844901815], "total_temp_violation": [1.8026278981289607], "max_temp_violation": [0.507556790797878], "temp_violation_squared": [1.9395054292887814], "delta_action_sqaured": [2.4429940827629903]}}