{"base": {"rewards": -746.9397877794274, "energy": 57.37203154523426, "ene_cost": 7.162639636278628, "total_temp_violation": 2.0009065168305966, "max_temp_violation": 2.324494511283717, "delta_action": 1.841028565061952, "temp_violation_squared": 13.759321344200727, "delta_action_sqaured": 1.6916502807363774}, "mpc": {"rewards": -614.6485870452956, "energy": 73.61901337724034, "ene_cost": 5.416842081853366, "total_temp_violation": 1.5780829183873948, "max_temp_violation": 0.6364301976027491, "delta_action": 13.078601077510505, "temp_violation_squared": 2.190856045352798, "delta_action_sqaured": 7.07735228146063}}