{"u_opt": [[0.08543705319887633], [0.1359706093372787], [0.18310582388708957], [0.21964385857465285]], "t_opt": [17366400.0, 17367300.0, 17368200.0, 17369100.0]}