{"base": {"rewards": [-725.5273346808629], "ene_cost": [7.108429396307003], "total_temp_violation": [0.5439273524472128], "max_temp_violation": [1.8861204405437206], "temp_violation_squared": [3.641312087345296], "delta_action_sqaured": [1.1043082962817246]}, "mpc": {"rewards": [-606.1036425123136], "ene_cost": [5.474158122785362], "total_temp_violation": [16.261466814883633], "max_temp_violation": [2.250607536882285], "temp_violation_squared": [55.09611676388931], "delta_action_sqaured": [0.35917134698881154]}}