{"mse": 1603490.486267346, "nrmse": 2.4753750131317696, "r2": 0.5059726867608849}