{"train": {"r2": 0.9861563147904129, "mse": 6491.925560644597, "nrmse": 0.16368065604922544}, "test": {"r2": 0.9756369548294582, "mse": 12004.864430531838, "nrmse": 0.22279445995962213}}