{"test": {"mse": 14535.256458790887, "nrmse": 0.23735958383080105, "r2": 0.9700955569105784}, "train": {"mse": 12198.342659918075, "nrmse": 0.22622563790869707, "r2": 0.9740759925919407}}