{"mse": 17148.27830733915, "nrmse": 0.21422647696208114, "r2": 0.9719006871825593}