{"test": {"mse": 30002.48744021091, "nrmse": 0.341015448598762, "r2": 0.9382736946719473}, "train": {"mse": 5.212526731951303, "nrmse": 0.004676442025495902, "r2": 0.9999889222999073}}