{"test": {"mse": 22100.468911318123, "nrmse": 0.230783108594842, "r2": 0.9658973917914281}, "train": {"mse": 12041.374274629996, "nrmse": 0.1748825494383309, "r2": 0.9803305302292424}}