{"test": {"r2": 0.9583734267860545, "mse": 16142.044537246831, "nrmse": 0.28871083552562093, "error_mean": 8.125598972355615}, "train": {"r2": 0.9767995248645549, "mse": 10339.581178480943, "nrmse": 0.2072762379679714, "error_mean": 0.987882029321929}}