{"alpha": [1.9836839140633928, -1.2294391789635188, 0.20841363508562194, -0.014622854516333808], "beta": [114.19929119434158, -113.94758379493224], "gamma": [10953.720547511768, -76.64274321486485, 0.1339153411892355]}