{"r2": 0.9950405442247793, "mse": 0.11946683794567686, "nrmse": 0.0011731472806915874}