{"mse": 0.2801998733257643, "nrmse": 0.0017924229401188247, "r2": 0.9899753717209857}