{"mse": 0.023213619436467024, "nrmse": 0.0005175182278720309, "r2": 0.9990875149518251}