{"power_predicted": [0.0, 0.0, 0.0, 0.0, 0.0, 0.0, 0.0, 0.0, 0.0, 0.0, 0.0, 0.0, 0.0, 0.0, 0.0, 0.0, 0.0, 0.0, 0.0, 0.0, 290.68083038665253, 30.456481986273015, 77.60073414217214, 75.56087957078456, -115.45062936366138, 109.30581976705851, 8.280388046510597, 39.007020395968674, 56.09616848743688, 103.93531754949652, 71.57561742658731, 116.83050044412883, 127.45660522697415, 125.14388720301714, 179.93594340006422, 199.29609041084151, 230.89120074211056, 247.0763810833629, 264.05479275797205, 285.5678865839765, 300.86990488743294, 440.5819885049547, 402.25457487605206, 586.1599554182624, 487.0228553277803, 611.751563378319, 680.3243031092361, 758.3392923700289, 772.9260298464419, 852.2531424493211, 929.2265913610651, 1001.1834391336392, 995.5511659193821, 1075.8339920411531, 1593.8934124853304, 1010.3179956937856, 843.3196659577873, 1007.160425771918, 992.5802608916786, 939.4178733782574, 852.454761895192, 803.661899730515, 754.8439828071528, 705.9344594356078, 633.2967369218148, 703.6697943417203, 522.7037274280984, 639.6254464398792, 450.9088008478655, 644.3275097421295, 415.168591689566, 562.9488648049196, 339.4330162463977, 238.3423857347951, 250.44600335031708, 280.6707333843994, 154.8955992623469, -106.79563688011476, 28.276180677471867, 15.5393736601528, 12.919424215371466, 13.63225763567902, 15.91283422958948, 17.338370890346365, 0.0, 0.0, 0.0, 0.0, 0.0, 0.0, 0.0, 0.0, 0.0, 0.0, 0.0, 0.0], "Tz_predicted": [293.15, 293.15, 293.15, 293.15, 293.15, 293.15, 293.15, 293.15, 293.15, 293.15, 293.15, 293.15, 293.15, 293.15, 293.15, 293.15, 293.15, 293.15, 293.15, 293.15, 289.5547487385458, 287.15, 289.0666627354837, 287.15, 290.91991557791044, 289.16846758364966, 289.82212385210164, 290.01255695378853, 290.25531220277605, 289.53351996658944, 290.09780966467025, 290.12879749406505, 290.3156446301041, 291.18412197185916, 291.4596231801073, 292.08445043019805, 292.67234511523725, 293.28966708892517, 293.9518052401348, 294.63390749278415, 295.3457213926859, 295.65883274330304, 295.90134542384743, 296.4377802817734, 296.5679553882965, 297.0556106221528, 297.0517565478643, 297.1195441062031, 297.11621764518475, 297.1298513763193, 297.13434211452153, 297.13779940361667, 297.1413685484454, 297.07410105292297, 296.1028400827661, 296.3643528998864, 297.40781909814365, 297.1319744521006, 297.1008133992916, 297.1220767275378, 297.1172979493839, 297.11353264080884, 297.11072855169135, 297.10873445034633, 297.1072471604643, 296.7729181301769, 296.82969947783147, 296.74932336503895, 296.6841095155849, 296.42656961847285, 296.255319501872, 296.5182441409518, 296.3537695930253, 297.15394180538055, 297.1461039871352, 296.7888939080979, 296.60426319166777, 298.3040786172153, 297.6516433920172, 297.5999241562822, 297.4623393902759, 297.36721884086165, 297.2209562110159, 297.05659979445574, 293.15, 293.15, 293.15, 293.15, 293.15, 293.15, 293.15, 293.15, 293.15, 293.15, 293.15, 293.15], "u_opt": [303.15, 303.15, 303.15, 303.15, 303.15, 303.15, 303.15, 303.15, 303.15, 303.15, 303.15, 303.15, 303.15, 303.15, 303.15, 303.15, 303.15, 303.15, 303.15, 303.15, 289.0578601533322, 298.5028502298885, 288.5583723352539, 298.3146426550345, 296.09070802723284, 303.149999958594, 290.23392622849906, 290.625937419468, 295.1500000023649, 295.15000000033433, 295.1500000022066, 295.15000000189343, 296.6097541043325, 295.15000000384856, 295.1500000008112, 295.15000000132267, 295.6807507137432, 296.4064240504069, 297.12019983327707, 297.1499999982199, 297.149999986484, 295.6684092163011, 297.1499999977513, 296.4307272041454, 297.14999999836044, 297.0522646806634, 297.1499999981925, 297.14999999924106, 297.1499999987747, 297.1499999769056, 297.14999999891455, 297.14999999925647, 297.1499999974133, 297.0721405916588, 295.95266072672086, 297.1499999991566, 297.1499999953353, 297.14999999415573, 297.14999999633335, 297.1499999986764, 297.1499999964103, 297.1499999957415, 297.1499999897052, 297.14999999806844, 297.1499999189632, 296.7467290686576, 297.14999999629737, 296.6735071080566, 297.14999999990954, 296.4057818503442, 297.149999994995, 296.47755705576833, 297.1499999977089, 297.1499999918495, 297.14999999854075, 297.1499999999763, 297.65808148099035, 302.5698465849764, 298.17686959623126, 302.74349083153356, 298.6756445519185, 298.70195575701524, 298.714769995483, 298.35992794754964, 303.15, 303.15, 303.15, 303.15, 303.15, 303.15, 303.15, 303.15, 303.15, 303.15, 303.15, 303.15], "t_opt": [18316800.0, 18317700.0, 18318600.0, 18319500.0, 18320400.0, 18321300.0, 18322200.0, 18323100.0, 18324000.0, 18324900.0, 18325800.0, 18326700.0, 18327600.0, 18328500.0, 18329400.0, 18330300.0, 18331200.0, 18332100.0, 18333000.0, 18333900.0, 18334800.0, 18335700.0, 18336600.0, 18337500.0, 18338400.0, 18339300.0, 18340200.0, 18341100.0, 18342000.0, 18342900.0, 18343800.0, 18344700.0, 18345600.0, 18346500.0, 18347400.0, 18348300.0, 18349200.0, 18350100.0, 18351000.0, 18351900.0, 18352800.0, 18353700.0, 18354600.0, 18355500.0, 18356400.0, 18357300.0, 18358200.0, 18359100.0, 18360000.0, 18360900.0, 18361800.0, 18362700.0, 18363600.0, 18364500.0, 18365400.0, 18366300.0, 18367200.0, 18368100.0, 18369000.0, 18369900.0, 18370800.0, 18371700.0, 18372600.0, 18373500.0, 18374400.0, 18375300.0, 18376200.0, 18377100.0, 18378000.0, 18378900.0, 18379800.0, 18380700.0, 18381600.0, 18382500.0, 18383400.0, 18384300.0, 18385200.0, 18386100.0, 18387000.0, 18387900.0, 18388800.0, 18389700.0, 18390600.0, 18391500.0, 18392400.0, 18393300.0, 18394200.0, 18395100.0, 18396000.0, 18396900.0, 18397800.0, 18398700.0, 18399600.0, 18400500.0, 18401400.0, 18402300.0]}