{"u_opt": [0.1, 0.1, 0.1, 0.1, 0.1, 0.1, 0.1, 0.1, 0.1, 0.1, 0.1, 0.1, 0.1, 0.1, 0.1, 0.1, 0.15538080721073766, 0.10076413153942107, 0.10005375622581032, 0.1154525142390302, 0.10596340179277278, 0.11949802284693097, 0.1366715143313761, 0.1524704486092827, 0.09999984946163087, 0.14859549135178607, 0.10007896159395474, 0.09999978311444468, 0.12024463829437694, 1.0000000706387955, 0.1000208022958853, 0.10009697410103424, 0.10000024359316774, 0.10003363503319224, 0.10000263589612886, 0.10006121797477349, 0.10000071503027386, 0.634966301647083, 0.10005258599255437, 0.9999995783893442, 0.10000004373252197, 0.9996207430206387, 0.11058514012584211, 0.999941315835668, 0.10000642141712078, 0.9998461272636261, 0.09999988921529249, 0.9998576011149953, 0.10000025835341245, 1.000000147746738, 0.30122749034827806, 0.9999879579170173, 0.09999998732467255, 0.9999994356041728, 0.1146719969871138, 0.8902540298568884, 0.3691062504472111, 0.999999847439766, 0.35299846716524996, 0.9999924584081623, 0.39677877602825506, 0.22988903994728432, 0.9999876282648233, 0.149534706818718, 1.000000189933025, 0.0999998458357455, 0.9637687940229085, 0.1003181783101415, 0.9399518251778793, 0.9138321143086467, 0.8855767748595045, 0.1000058568496858, 0.9999228108917873, 0.7282827638609022, 0.9637429815448293, 0.14531103124308725, 0.10094259074840459, 0.5693592553731814, 0.0999992325968323, 0.9630716735598734, 0.1000158376808816, 0.8636427943273476, 0.09999988333638846, 0.7533240157184349, 0.5462061256419879, 0.10426639552482145, 0.12358941334581064, 0.10050266577116122, 0.17721353537743706, 0.11021536559217154, 0.22860074863973504, 0.10036081400511686, 0.27106350184768513, 0.10003343420788806, 0.22874105535787892, 0.09999929524507707], "t_opt": [18316800.0, 18317700.0, 18318600.0, 18319500.0, 18320400.0, 18321300.0, 18322200.0, 18323100.0, 18324000.0, 18324900.0, 18325800.0, 18326700.0, 18327600.0, 18328500.0, 18329400.0, 18330300.0, 18331200.0, 18332100.0, 18333000.0, 18333900.0, 18334800.0, 18335700.0, 18336600.0, 18337500.0, 18338400.0, 18339300.0, 18340200.0, 18341100.0, 18342000.0, 18342900.0, 18343800.0, 18344700.0, 18345600.0, 18346500.0, 18347400.0, 18348300.0, 18349200.0, 18350100.0, 18351000.0, 18351900.0, 18352800.0, 18353700.0, 18354600.0, 18355500.0, 18356400.0, 18357300.0, 18358200.0, 18359100.0, 18360000.0, 18360900.0, 18361800.0, 18362700.0, 18363600.0, 18364500.0, 18365400.0, 18366300.0, 18367200.0, 18368100.0, 18369000.0, 18369900.0, 18370800.0, 18371700.0, 18372600.0, 18373500.0, 18374400.0, 18375300.0, 18376200.0, 18377100.0, 18378000.0, 18378900.0, 18379800.0, 18380700.0, 18381600.0, 18382500.0, 18383400.0, 18384300.0, 18385200.0, 18386100.0, 18387000.0, 18387900.0, 18388800.0, 18389700.0, 18390600.0, 18391500.0, 18392400.0, 18393300.0, 18394200.0, 18395100.0, 18396000.0, 18396900.0, 18397800.0, 18398700.0, 18399600.0, 18400500.0, 18401400.0, 18402300.0]}