{"u_opt": [297.15, 297.15, 297.15, 297.15, 297.15, 297.15, 297.15, 297.15, 297.15, 297.15, 297.15, 297.15, 297.15, 297.15, 297.15, 297.15, 292.93594242824327, 292.85238308109103, 292.7747034488413, 292.7042976384175, 293.81149668065547, 293.7159837233612, 293.64005305681746, 294.0558566719217, 295.15000000000043, 295.210952276414, 297.88117633783486, 296.89110238835275, 299.1499999999938, 299.14999999999895, 299.15, 299.14999999999884, 299.15, 296.28945933057474, 295.150000000051, 296.6583666747008, 295.15, 295.15, 295.1589626344887, 299.15, 298.61189153555773, 298.3366027174276, 299.15, 298.89561012291244, 299.14999999999935, 299.15, 299.15, 299.15, 299.15, 299.15, 298.80703177309323, 298.9215184202395, 298.9451240284866, 298.96875016803557, 299.15, 299.15, 299.15, 299.15, 299.15, 299.15, 299.14999999999986, 299.15, 299.15, 299.15, 299.02925685484547, 299.15, 299.15, 299.15, 299.14999999999986, 299.15, 299.15, 299.15, 299.1499999999999, 299.1499999999999, 299.15, 299.15, 303.1499999999999, 300.13220738952384, 303.14999999999634, 300.29573419969273, 303.01608317325815, 300.74948171158695, 302.9463517247809, 302.5886871014371, 303.1499999999999, 299.1123256240421, 298.5276992774867, 303.15, 303.15, 303.15, 303.15, 303.1499999999999, 303.14999999999986, 303.15, 303.15, 303.14999999999964], "t_opt": [19440000.0, 19440900.0, 19441800.0, 19442700.0, 19443600.0, 19444500.0, 19445400.0, 19446300.0, 19447200.0, 19448100.0, 19449000.0, 19449900.0, 19450800.0, 19451700.0, 19452600.0, 19453500.0, 19454400.0, 19455300.0, 19456200.0, 19457100.0, 19458000.0, 19458900.0, 19459800.0, 19460700.0, 19461600.0, 19462500.0, 19463400.0, 19464300.0, 19465200.0, 19466100.0, 19467000.0, 19467900.0, 19468800.0, 19469700.0, 19470600.0, 19471500.0, 19472400.0, 19473300.0, 19474200.0, 19475100.0, 19476000.0, 19476900.0, 19477800.0, 19478700.0, 19479600.0, 19480500.0, 19481400.0, 19482300.0, 19483200.0, 19484100.0, 19485000.0, 19485900.0, 19486800.0, 19487700.0, 19488600.0, 19489500.0, 19490400.0, 19491300.0, 19492200.0, 19493100.0, 19494000.0, 19494900.0, 19495800.0, 19496700.0, 19497600.0, 19498500.0, 19499400.0, 19500300.0, 19501200.0, 19502100.0, 19503000.0, 19503900.0, 19504800.0, 19505700.0, 19506600.0, 19507500.0, 19508400.0, 19509300.0, 19510200.0, 19511100.0, 19512000.0, 19512900.0, 19513800.0, 19514700.0, 19515600.0, 19516500.0, 19517400.0, 19518300.0, 19519200.0, 19520100.0, 19521000.0, 19521900.0, 19522800.0, 19523700.0, 19524600.0, 19525500.0]}