{"power_predicted": [0.0, 0.0, 0.0, 0.0, 0.0, 0.0, 0.0, 0.0, 0.0, 0.0, 0.0, 0.0, 0.0, 0.0, 0.0, 0.0, -2.539579990909464, -2.9541137008948417, -9.94776479242587, -6.429306853948437, 7.275928143090527, 6.204956275073211, 8.680399587019574, 13.652148416960332, 22.56919846255087, 23.52878561362422, 25.2325934552892, 27.299066755712236, 44.765017953052045, 101.75646438688864, 115.40330771891132, 139.05755701712917, 121.73010762871507, 124.72188855910252, 179.62997048539995, 197.33103240275437, 235.36693479561808, 251.23491638462633, 268.26242873158213, 289.05425500375196, 301.66697431197446, 313.83719207231303, 311.4535156568515, 323.0955232887372, 560.1918999020322, 457.3130266477972, 1324.969998018161, 1045.593367213239, 665.6403578107133, 784.5344050646504, 814.4305674523655, 817.5942570366676, 759.3407865891746, 868.7848307963006, 877.2309105325601, 896.232501124751, 856.7465097725693, 855.6090044369706, 847.6591603179478, 829.7243344222553, 758.3839190463856, 724.4066815605119, 824.3887229574086, 626.4184907499073, 544.1799313346221, 572.1151364287566, 766.8976060552895, 512.154701949597, 424.0552243019408, 424.9442197597409, 453.1446522784342, 433.89017568483706, 909.0467359197643, 457.02699481188216, 81.34911991189337, 257.0830204945533, 191.04757946678376, -112.73249413481781, 55.34189472440627, 7.819147956980177, 14.463376115760413, 15.34568622935028, 18.463752404096578, 20.544689850900088, 0.0, 0.0, 0.0, 0.0, 0.0, 0.0, 0.0, 0.0, 0.0, 0.0, 0.0, 0.0], "Tz_predicted": [293.15, 293.15, 293.15, 293.15, 293.15, 293.15, 293.15, 293.15, 293.15, 293.15, 293.15, 293.15, 293.15, 293.15, 293.15, 293.15, 291.06903960180466, 290.93653484520945, 290.8865286460499, 290.729039400809, 290.69609297760127, 290.6753462297002, 290.65398936667367, 290.6498381548259, 290.659484369373, 290.68660412473423, 290.734155701562, 290.81416638029214, 290.93477492098305, 290.3787272392477, 290.4344212215803, 290.67026815962595, 290.7862389008846, 291.5856516930267, 291.8300091854814, 292.4294377281777, 292.9939056978579, 293.5940845372212, 294.2442988341151, 294.9143676954023, 295.6011247134907, 296.31467551416404, 297.04800472244176, 297.7866263635169, 297.6811412842984, 297.6112752053406, 297.16409810620627, 294.9464716604827, 298.58499845286616, 297.44021150204793, 298.90472329594945, 298.7422495745649, 299.27286830836255, 299.1012289024057, 299.1588669890385, 299.1569767847092, 299.15696680930023, 299.1530683351902, 299.14695342745176, 299.13822357222136, 299.12660031842233, 299.1119695810723, 298.7486337640315, 298.77415618783886, 299.19838501367667, 299.0684599201389, 298.3675110842582, 298.2143895507487, 299.1171672522751, 298.99468898202616, 298.90962723266296, 298.9092616588029, 297.24034778899033, 296.3767596253405, 298.7020529018339, 297.76280348725516, 297.1985705900966, 299.29612734792687, 298.5798145705559, 298.57147147712055, 298.4797838131923, 298.35991474415954, 298.18327652348967, 297.972864349813, 293.15, 293.15, 293.15, 293.15, 293.15, 293.15, 293.15, 293.15, 293.15, 293.15, 293.15, 293.15], "u_opt": [303.15, 303.15, 303.15, 303.15, 303.15, 303.15, 303.15, 303.15, 303.15, 303.15, 303.15, 303.15, 303.15, 303.15, 303.15, 303.15, 301.1275667072283, 293.23973076389194, 292.2542725722346, 303.15000076619265, 301.2529023264357, 296.74148249287896, 296.5991576784574, 300.17894526259204, 295.4055123716777, 295.37157017971083, 295.36342615737016, 295.3778165932064, 295.1500094608323, 295.1500031561134, 295.15, 295.15, 295.15, 295.15, 295.15, 295.15, 296.0483078910968, 296.6681375671574, 297.64664926825617, 298.3718728411471, 297.69517954180475, 298.3313113221429, 299.15, 299.15, 297.62724228873833, 299.15, 296.7704959481052, 299.15, 297.91297296228373, 299.15, 298.7053047043511, 299.15, 299.15, 299.15, 299.15, 299.15, 299.15, 299.15, 299.15, 299.15, 299.15, 299.15, 298.7304319238948, 299.15, 299.15, 299.15, 298.40742091774763, 299.15, 299.0303694970244, 299.15, 299.15, 299.15, 297.47205034767524, 298.97559087774914, 298.3950720966578, 298.28916449587, 302.88201871929044, 303.15, 299.3073993258314, 303.15, 303.15, 303.15, 303.15, 303.15, 303.15, 303.15, 303.15, 303.15, 303.15, 303.15, 303.15, 303.15, 303.15, 303.15, 303.15, 303.15], "t_opt": [18316800.0, 18317700.0, 18318600.0, 18319500.0, 18320400.0, 18321300.0, 18322200.0, 18323100.0, 18324000.0, 18324900.0, 18325800.0, 18326700.0, 18327600.0, 18328500.0, 18329400.0, 18330300.0, 18331200.0, 18332100.0, 18333000.0, 18333900.0, 18334800.0, 18335700.0, 18336600.0, 18337500.0, 18338400.0, 18339300.0, 18340200.0, 18341100.0, 18342000.0, 18342900.0, 18343800.0, 18344700.0, 18345600.0, 18346500.0, 18347400.0, 18348300.0, 18349200.0, 18350100.0, 18351000.0, 18351900.0, 18352800.0, 18353700.0, 18354600.0, 18355500.0, 18356400.0, 18357300.0, 18358200.0, 18359100.0, 18360000.0, 18360900.0, 18361800.0, 18362700.0, 18363600.0, 18364500.0, 18365400.0, 18366300.0, 18367200.0, 18368100.0, 18369000.0, 18369900.0, 18370800.0, 18371700.0, 18372600.0, 18373500.0, 18374400.0, 18375300.0, 18376200.0, 18377100.0, 18378000.0, 18378900.0, 18379800.0, 18380700.0, 18381600.0, 18382500.0, 18383400.0, 18384300.0, 18385200.0, 18386100.0, 18387000.0, 18387900.0, 18388800.0, 18389700.0, 18390600.0, 18391500.0, 18392400.0, 18393300.0, 18394200.0, 18395100.0, 18396000.0, 18396900.0, 18397800.0, 18398700.0, 18399600.0, 18400500.0, 18401400.0, 18402300.0]}