{"test": {"error_mean": -0.002220650736506628, "mse": 0.045182896878047406, "nrmse": 0.009763672881078756, "r2": 0.9974381369253783}, "train": {"error_mean": 0.0007571379672474843, "mse": 0.05438297839963627, "nrmse": 0.010575575442075897, "r2": 0.9967620266789435}}