{"energy": 65.68729130044025, "energy_cost": 5.441329371699326, "total_temp_violation": 0.6884967419353529, "max_temp_violation": 0.30563543667068416}