{"base": {"energy": [57.479359665399826], "energy_cost": [7.026461569302897], "total_temp_violation": [0.09741547996391375], "max_temp_violation": [0.389661919855655]}, "mpc": {"energy": [48.86209555715169], "energy_cost": [5.976239234285103], "total_temp_violation": [12.411111194560192], "max_temp_violation": [0.773347999130749]}}