{"base": {"rewards": [-746.9397877794274], "ene_cost": [7.162639636278628], "total_temp_violation": [2.0009065168305966], "max_temp_violation": [2.324494511283717], "temp_violation_squared": [13.759321344200727], "delta_action_sqaured": [1.6916502807363774]}, "mpc": {"rewards": [-608.9241187676125], "ene_cost": [6.022674814558995], "total_temp_violation": [1.4607796048267971], "max_temp_violation": [0.16263585831137561], "temp_violation_squared": [0.35153907295599746], "delta_action_sqaured": [0.6305098238757099]}}