{"base": {"rewards": [-725.6009591664617], "ene_cost": [7.10917442041223], "total_temp_violation": [0.5439026769235795], "max_temp_violation": [1.8857407906803019], "temp_violation_squared": [3.6400428984252824], "delta_action_sqaured": [1.1043474226813355]}, "mpc": {"rewards": [-608.9241187676125], "ene_cost": [6.022674814558995], "total_temp_violation": [1.4607796048267971], "max_temp_violation": [0.16263585831137561], "temp_violation_squared": [0.35153907295599746], "delta_action_sqaured": [0.6305098238757099]}}