{"u_opt": [0.1, 0.1, 0.1, 0.1, 0.1, 0.1, 0.1, 0.1, 0.1, 0.1, 0.1, 0.1, 0.1, 0.1, 0.1, 0.1, 0.10000000000001452, 0.10000000000002701, 0.10000000000003179, 0.10000000000000306, 0.10000000000002242, 0.10000000000003609, 0.10000000000003186, 0.10000000000000685, 0.10000000000000948, 0.10000000000000134, 0.10000000000000345, 0.10000000000000019, 0.10000000000001509, 0.10000000000000685, 0.10000000000000672, 0.10000000000000382, 0.10000000000000028, 0.10346952108882378, 0.1446199932059465, 0.21153944104144723, 0.29550185147666713, 0.3462205905687046, 0.40159704952629915, 0.40159704952629915, 0.4795234410704374, 0.4795234410704374, 0.44415742773190525, 0.5120286297920937, 0.4841708782420796, 0.4319307249825304, 0.4388646041666038, 0.44068843318637557, 0.5025406384858583, 0.5083805997035741, 0.4877597914139673, 0.4314627872729082, 0.965386872244522, 0.48999761896968924, 0.5846266575910213, 0.3301042764503104, 0.9187248992100882, 0.5120286297920937, 0.4820505424573836, 0.37594696647170894, 0.4820505424573836, 0.45402658218407127, 0.46536419926849365, 0.4319307249825304, 0.48999761896968924, 0.5120286297920937, 0.5120286297920937, 0.4841708782420796, 0.44415742773190525, 0.46291481369580195, 0.33418129856465173, 0.44415742773190525, 0.3462205905687046, 0.40159704952629915, 0.15499224573591133, 0.33418129856465173, 0.43574636287231494, 0.43574636287231494, 0.43574636287231494, 0.5646257128818297, 0.10000000000000599, 0.43574636287231494, 0.10000000000001852, 0.43574636287231494, 0.6342662184481067, 0.2717599217175033, 0.12027365636949643, 0.44415742773190525, 0.10000000000003606, 0.5552705305856874, 0.10000000000003186, 0.44415742773190525, 0.10000000000000037, 0.12027365636949643, 0.10000000000000685, 0.10000000000000345], "t_opt": [19440000.0, 19440900.0, 19441800.0, 19442700.0, 19443600.0, 19444500.0, 19445400.0, 19446300.0, 19447200.0, 19448100.0, 19449000.0, 19449900.0, 19450800.0, 19451700.0, 19452600.0, 19453500.0, 19454400.0, 19455300.0, 19456200.0, 19457100.0, 19458000.0, 19458900.0, 19459800.0, 19460700.0, 19461600.0, 19462500.0, 19463400.0, 19464300.0, 19465200.0, 19466100.0, 19467000.0, 19467900.0, 19468800.0, 19469700.0, 19470600.0, 19471500.0, 19472400.0, 19473300.0, 19474200.0, 19475100.0, 19476000.0, 19476900.0, 19477800.0, 19478700.0, 19479600.0, 19480500.0, 19481400.0, 19482300.0, 19483200.0, 19484100.0, 19485000.0, 19485900.0, 19486800.0, 19487700.0, 19488600.0, 19489500.0, 19490400.0, 19491300.0, 19492200.0, 19493100.0, 19494000.0, 19494900.0, 19495800.0, 19496700.0, 19497600.0, 19498500.0, 19499400.0, 19500300.0, 19501200.0, 19502100.0, 19503000.0, 19503900.0, 19504800.0, 19505700.0, 19506600.0, 19507500.0, 19508400.0, 19509300.0, 19510200.0, 19511100.0, 19512000.0, 19512900.0, 19513800.0, 19514700.0, 19515600.0, 19516500.0, 19517400.0, 19518300.0, 19519200.0, 19520100.0, 19521000.0, 19521900.0, 19522800.0, 19523700.0, 19524600.0, 19525500.0]}