{"base": {"rewards": [-725.6009591664617], "ene_cost": [7.10917442041223], "total_temp_violation": [0.5439026769235795], "max_temp_violation": [1.8857407906803019], "temp_violation_squared": [3.6400428984252824], "delta_action_sqaured": [1.1043474226813355]}, "mpc": {"rewards": [-669.9977745944443], "ene_cost": [5.419595646366451], "total_temp_violation": [11.31020878910823], "max_temp_violation": [4.03552097251503], "temp_violation_squared": [76.97859635547192], "delta_action_sqaured": [5.1059613602327225]}}