{"base": {"rewards": [-746.9397877794274], "ene_cost": [7.162639636278628], "total_temp_violation": [2.0009065168305966], "max_temp_violation": [2.324494511283717], "temp_violation_squared": [13.759321344200727], "delta_action_sqaured": [1.6916502807363774]}, "mpc": {"rewards": [-669.9977745944443], "ene_cost": [5.419595646366451], "total_temp_violation": [11.31020878910823], "max_temp_violation": [4.03552097251503], "temp_violation_squared": [76.97859635547192], "delta_action_sqaured": [5.1059613602327225]}}