{"base": {"energy": [2.931939926284887], "energy_cost": [0.3677392658981314], "total_temp_violation": [0.0], "max_temp_violation": [0.0]}, "mpc": {"energy": [3.0938269676305383], "energy_cost": [0.3792666711932654], "total_temp_violation": [0.0], "max_temp_violation": [0.0]}}