{"energy": 58.80425040599074, "energy_cost": 5.335855726877068, "total_temp_violation": 14.955762554441208, "max_temp_violation": 1.2362704481986384}