{"energy": 54.68914144482738, "energy_cost": 5.702596001585487, "total_temp_violation": 3.900829765295242, "max_temp_violation": 1.7181633739044742}