{"alpha": [0.6212851641185465], "beta": 1.0366459651122373, "gamma": 0.37678525136120433}