{"base": {"rewards": [-725.6009591664617], "ene_cost": [7.10917442041223], "total_temp_violation": [0.5439026769235795], "max_temp_violation": [1.8857407906803019], "temp_violation_squared": [3.6400428984252824], "delta_action_sqaured": [1.1043474226813355]}, "mpc": {"rewards": [-602.3882456941323], "ene_cost": [5.886382235473021], "total_temp_violation": [10.910629423129478], "max_temp_violation": [0.374682850217539], "temp_violation_squared": [9.274716736989157], "delta_action_sqaured": [0.44753054098410755]}}