{"base": {"rewards": [-746.9397877794274], "ene_cost": [7.162639636278628], "total_temp_violation": [2.0009065168305966], "max_temp_violation": [2.324494511283717], "temp_violation_squared": [13.759321344200727], "delta_action_sqaured": [1.6916502807363774]}, "mpc": {"rewards": [-602.3882456941323], "ene_cost": [5.886382235473021], "total_temp_violation": [10.910629423129478], "max_temp_violation": [0.374682850217539], "temp_violation_squared": [9.274716736989157], "delta_action_sqaured": [0.44753054098410755]}}