{"base": {"rewards": [-746.8920998241562], "ene_cost": [7.162117639792736], "total_temp_violation": [2.0009923985831364], "max_temp_violation": [2.3251609161020497], "temp_violation_squared": [13.764649410850385], "delta_action_sqaured": [1.6915686434032025]}, "mpc": {"rewards": [-602.3882456941323], "ene_cost": [5.886382235473021], "total_temp_violation": [10.910629423129478], "max_temp_violation": [0.374682850217539], "temp_violation_squared": [9.274716736989157], "delta_action_sqaured": [0.44753054098410755]}}