{"base": {"rewards": [-725.5273346808629], "ene_cost": [7.108429396307003], "total_temp_violation": [0.5439273524472128], "max_temp_violation": [1.8861204405437206], "temp_violation_squared": [3.641312087345296], "delta_action_sqaured": [1.1043082962817246]}, "mpc": {"rewards": [-596.5310638589178], "ene_cost": [5.745691812701317], "total_temp_violation": [11.881224266825399], "max_temp_violation": [1.2196301342485185], "temp_violation_squared": [18.16715669133839], "delta_action_sqaured": [0.3794725897447783]}}