{"alpha": [0.47035273255847415, 0.014234616989146538, 0.10710905971846442, 0.04959272252779737], "beta": 0.9648185731536314, "gamma": 0.3568074666445448}