{"u_opt": [0.1, 0.1, 0.1, 0.1, 0.1, 0.1, 0.1, 0.1, 0.1, 0.1, 0.1, 0.1, 0.1, 0.1, 0.1, 0.1, 0.10000000000001726, 0.10000000000000343, 0.1000000000000044, 0.10000000000000592, 0.10000000000000195, 0.10000000000000743, 0.10000000000001537, 0.10000000000000073, 0.1000000000000019, 0.10000000000001322, 0.1000000000000007, 0.10000000000000164, 0.1000000000000004, 0.10000000000000074, 0.10000000000000026, 0.10000000000000343, 0.10000000000000012, 0.10000000000000715, 0.12975780280199362, 0.12998897066251336, 0.14160173328530182, 0.16007789825670973, 0.1499581751464583, 0.18841833045852535, 0.23238062830440753, 0.20865510679778493, 0.27822736005563437, 0.28135810275117173, 0.33121844507597364, 0.3510104882144647, 0.38532576640734334, 0.4526938697841115, 0.40136808537818247, 0.43876615787929696, 0.4243577194091825, 0.4464309332387538, 0.4440845777240627, 0.44316401113462234, 0.437648728529727, 0.4320602004995225, 0.42386722890082257, 0.4141141505155493, 0.4028820241044702, 0.39090472218738415, 0.37809071729232807, 0.3461868192013932, 0.3259026157590795, 0.2997820265268849, 0.2806033758190751, 0.27667507576222194, 0.261425598826768, 0.25211379750598545, 0.2357457397384473, 0.2157422495723539, 0.19964832202275481, 0.1826557799575248, 0.16755384537949072, 0.12975780269256235, 0.12975780250778784, 0.12975780337084739, 0.12975780236192222, 0.12975780236192222, 0.12975780322373134, 0.12975780322373134, 0.12975780322373134, 0.12975780236192222, 0.12975780322373134, 0.12975780322373134, 0.1297578035424783, 0.12975780347501553, 0.12975780394925301, 0.12975780316943106, 0.12975780357014888, 0.12975780276936366, 0.1297578030316791, 0.1297578034418073, 0.12975780294596126, 0.1297578023369704, 0.11820579177196643, 0.10000000000006026], "t_opt": [19440000.0, 19440900.0, 19441800.0, 19442700.0, 19443600.0, 19444500.0, 19445400.0, 19446300.0, 19447200.0, 19448100.0, 19449000.0, 19449900.0, 19450800.0, 19451700.0, 19452600.0, 19453500.0, 19454400.0, 19455300.0, 19456200.0, 19457100.0, 19458000.0, 19458900.0, 19459800.0, 19460700.0, 19461600.0, 19462500.0, 19463400.0, 19464300.0, 19465200.0, 19466100.0, 19467000.0, 19467900.0, 19468800.0, 19469700.0, 19470600.0, 19471500.0, 19472400.0, 19473300.0, 19474200.0, 19475100.0, 19476000.0, 19476900.0, 19477800.0, 19478700.0, 19479600.0, 19480500.0, 19481400.0, 19482300.0, 19483200.0, 19484100.0, 19485000.0, 19485900.0, 19486800.0, 19487700.0, 19488600.0, 19489500.0, 19490400.0, 19491300.0, 19492200.0, 19493100.0, 19494000.0, 19494900.0, 19495800.0, 19496700.0, 19497600.0, 19498500.0, 19499400.0, 19500300.0, 19501200.0, 19502100.0, 19503000.0, 19503900.0, 19504800.0, 19505700.0, 19506600.0, 19507500.0, 19508400.0, 19509300.0, 19510200.0, 19511100.0, 19512000.0, 19512900.0, 19513800.0, 19514700.0, 19515600.0, 19516500.0, 19517400.0, 19518300.0, 19519200.0, 19520100.0, 19521000.0, 19521900.0, 19522800.0, 19523700.0, 19524600.0, 19525500.0]}