{"base": {"rewards": [-746.9397877794274], "ene_cost": [7.162639636278628], "total_temp_violation": [2.0009065168305966], "max_temp_violation": [2.324494511283717], "temp_violation_squared": [13.759321344200727], "delta_action_sqaured": [1.6916502807363774]}, "mpc": {"rewards": [-702.4421777877958], "ene_cost": [4.937991975114045], "total_temp_violation": [25.965551257653885], "max_temp_violation": [4.554658721307419], "temp_violation_squared": [202.42736109969778], "delta_action_sqaured": [0.6215619176693598]}}