{"base": {"rewards": [-725.6009591664617], "ene_cost": [7.10917442041223], "total_temp_violation": [0.5439026769235795], "max_temp_violation": [1.8857407906803019], "temp_violation_squared": [3.6400428984252824], "delta_action_sqaured": [1.1043474226813355]}, "mpc": {"rewards": [-633.1920507644838], "ene_cost": [4.977028308642337], "total_temp_violation": [22.313458217463946], "max_temp_violation": [3.5976838389640875], "temp_violation_squared": [129.25786033499935], "delta_action_sqaured": [0.623135956525065]}}