{"base": {"rewards": [-746.8920998241562], "ene_cost": [7.162117639792736], "total_temp_violation": [2.0009923985831364], "max_temp_violation": [2.3251609161020497], "temp_violation_squared": [13.764649410850385], "delta_action_sqaured": [1.6915686434032025]}, "mpc": {"rewards": [-633.1920507644838], "ene_cost": [4.977028308642337], "total_temp_violation": [22.313458217463946], "max_temp_violation": [3.5976838389640875], "temp_violation_squared": [129.25786033499935], "delta_action_sqaured": [0.623135956525065]}}