{"r2": 0.9997838899548267, "mse": 38.63215839512243, "nrmse": 0.015949162525251012}