{"test": {"r2": 0.9059515901127483, "mse": 0.5211830059648457, "nrmse": 0.036098520387625656, "error_mean": 0.21626546990922096}, "train": {"r2": 0.969203165160131, "mse": 0.2636113142951491, "nrmse": 0.025923479411094616, "error_mean": 0.05106037066021368}}