{"test": {"r2": 0.9718252712319161, "mse": 0.16345111035927173, "nrmse": 0.01660340157273104, "error_mean": -0.1174582466283074}, "train": {"r2": 0.9803944743801728, "mse": 0.17720460587361128, "nrmse": 0.017765716124153987, "error_mean": -0.025212995781326675}}