{"base": {"rewards": [-725.5273346808629], "ene_cost": [7.108429396307003], "total_temp_violation": [0.5439273524472128], "max_temp_violation": [1.8861204405437206], "temp_violation_squared": [3.641312087345296], "delta_action_sqaured": [1.1043082962817246]}, "mpc": {"rewards": [-609.1143526322234], "ene_cost": [5.898605630456425], "total_temp_violation": [14.856561170243637], "max_temp_violation": [0.4992795551925724], "temp_violation_squared": [14.253461263198059], "delta_action_sqaured": [0.5000328323382754]}}