{"base": {"rewards": [-746.9397877794274], "ene_cost": [7.162639636278628], "total_temp_violation": [2.0009065168305966], "max_temp_violation": [2.324494511283717], "temp_violation_squared": [13.759321344200727], "delta_action_sqaured": [1.6916502807363774]}, "mpc": {"rewards": [-608.999380120024], "ene_cost": [5.8983424659884465], "total_temp_violation": [14.803622501469064], "max_temp_violation": [0.49555817588674245], "temp_violation_squared": [14.164805197796563], "delta_action_sqaured": [0.5000328323382754]}}