{"base": {"energy": [2.931939926284887], "energy_cost": [0.3677392658981314], "total_temp_violation": [0.0], "max_temp_violation": [0.0]}, "mpc": {"energy": [3.1201108890801073], "energy_cost": [0.38019119587538636], "total_temp_violation": [0.0], "max_temp_violation": [0.0]}}