{"base": {"rewards": [-74.72560605041534], "ene_cost": [7.108429396307003], "total_temp_violation": [0.5439273524472128], "max_temp_violation": [1.8861204405437206], "temp_violation_squared": [3.641312087345296], "delta_action_sqaured": [1.1043082962817246]}, "mpc": {"rewards": [-173.89810814180422], "ene_cost": [6.100936732623163], "total_temp_violation": [23.097221473598538], "max_temp_violation": [3.006907507032622], "temp_violation_squared": [112.88874081557259], "delta_action_sqaured": [6.253047069391384]}}