{"base": {"energy": [2.931939926284887], "energy_cost": [0.3677392658981314], "total_temp_violation": [0.0], "max_temp_violation": [0.0]}, "mpc": {"energy": [3.170708748265433], "energy_cost": [0.382587202402421], "total_temp_violation": [0.0], "max_temp_violation": [0.0]}}