{"energy": 53.49353572781539, "energy_cost": 5.618379018073288, "total_temp_violation": 12.186096263887833, "max_temp_violation": 1.0951432247993012}