{"u_opt": [0.1, 0.1, 0.1, 0.1, 0.1, 0.1, 0.1, 0.1, 0.1, 0.1, 0.1, 0.1, 0.1, 0.1, 0.1, 0.1, 0.10000000000008606, 0.1000000000000194, 0.10000000000000192, 0.10000000000003632, 0.10000000000001553, 0.10000000000001558, 0.10000000000002064, 0.10000000000001678, 0.10000000000001884, 0.10000000000000277, 0.10000000000000511, 0.10000000000003618, 0.100000000000001, 0.10000000000000128, 0.10000000000000196, 0.1000000000000112, 0.1000000000000066, 0.10000000000392305, 0.11855953778209807, 0.275441321201393, 0.2677818982123757, 0.2206824306495532, 0.29636818466106274, 0.23975453467520447, 0.35276229720589486, 0.5568014517549869, 0.5340409448248673, 0.45544093451047873, 0.4455466909638373, 0.4866330466105775, 0.5195889940784031, 0.437946201299901, 0.709391972554225, 0.40207374852009803, 0.4318919022871637, 0.5672167446165073, 0.551642789750179, 0.7147050996992333, 0.643481820579231, 0.43755770890600665, 0.5767612324542372, 0.38562423457372125, 0.6749436332333207, 0.503474907495802, 0.6003197288756187, 0.35688890827092984, 0.694815351538808, 0.27903312127992996, 0.35077565149235435, 0.42547493451384855, 0.26599548140425444, 0.35557732760250504, 0.3560417905226344, 0.27289905131045245, 0.37103793647690864, 0.15848993491844982, 0.2742600134197646, 0.2818620360813573, 0.2661533355755875, 0.22836763296079504, 0.22580409830068482, 0.6859116650383912, 0.5565893952111695, 0.449082937576368, 0.41363183328684194, 0.20577810463213578, 0.18576480743302975, 0.23057097510884658, 0.3346381845791529, 0.1934178199084899, 0.19061941218176517, 0.2452913412598977, 0.10339202483320543, 0.46812019776867786, 0.10000000000000037, 0.10001050739202143, 0.22136740153723558, 0.10000000000002356, 0.10000000000002325, 0.1000000000000023], "t_opt": [19440000.0, 19440900.0, 19441800.0, 19442700.0, 19443600.0, 19444500.0, 19445400.0, 19446300.0, 19447200.0, 19448100.0, 19449000.0, 19449900.0, 19450800.0, 19451700.0, 19452600.0, 19453500.0, 19454400.0, 19455300.0, 19456200.0, 19457100.0, 19458000.0, 19458900.0, 19459800.0, 19460700.0, 19461600.0, 19462500.0, 19463400.0, 19464300.0, 19465200.0, 19466100.0, 19467000.0, 19467900.0, 19468800.0, 19469700.0, 19470600.0, 19471500.0, 19472400.0, 19473300.0, 19474200.0, 19475100.0, 19476000.0, 19476900.0, 19477800.0, 19478700.0, 19479600.0, 19480500.0, 19481400.0, 19482300.0, 19483200.0, 19484100.0, 19485000.0, 19485900.0, 19486800.0, 19487700.0, 19488600.0, 19489500.0, 19490400.0, 19491300.0, 19492200.0, 19493100.0, 19494000.0, 19494900.0, 19495800.0, 19496700.0, 19497600.0, 19498500.0, 19499400.0, 19500300.0, 19501200.0, 19502100.0, 19503000.0, 19503900.0, 19504800.0, 19505700.0, 19506600.0, 19507500.0, 19508400.0, 19509300.0, 19510200.0, 19511100.0, 19512000.0, 19512900.0, 19513800.0, 19514700.0, 19515600.0, 19516500.0, 19517400.0, 19518300.0, 19519200.0, 19520100.0, 19521000.0, 19521900.0, 19522800.0, 19523700.0, 19524600.0, 19525500.0]}