{"base": {"rewards": -746.9397877794274, "energy": 57.37203154523426, "ene_cost": 7.162639636278628, "total_temp_violation": 2.0009065168305966, "max_temp_violation": 2.324494511283717, "delta_action": 1.841028565061952, "temp_violation_squared": 13.759321344200727, "delta_action_sqaured": 1.6916502807363774}, "mpc": {"rewards": -559.3716728849633, "energy": 56.38076729954466, "ene_cost": 5.313808842608031, "total_temp_violation": 7.995037343921354, "max_temp_violation": 0.5586534332760493, "delta_action": 5.382279016351276, "temp_violation_squared": 8.556783880946849, "delta_action_sqaured": 1.943400474321339}}