{"base": {"rewards": -746.9397877794274, "energy": 57.37203154523426, "ene_cost": 7.162639636278628, "total_temp_violation": 2.0009065168305966, "max_temp_violation": 2.324494511283717, "delta_action": 1.841028565061952, "temp_violation_squared": 13.759321344200727, "delta_action_sqaured": 1.6916502807363774}, "mpc": {"rewards": -559.3565676570291, "energy": 56.37834035756514, "ene_cost": 5.3136876663963655, "total_temp_violation": 7.987699694044721, "max_temp_violation": 0.5589953349509642, "delta_action": 5.382279016351276, "temp_violation_squared": 8.553796274179092, "delta_action_sqaured": 1.943400474321339}}