{"u_opt": [[6.685282780054789e-05], [9.962962761151341e-05], [0.0006244736416998616], [0.0006861952825095274]], "t_opt": [17366400.0, 17367300.0, 17368200.0, 17369100.0]}