{"base": {"rewards": [-746.9397877794274], "ene_cost": [7.162639636278628], "total_temp_violation": [2.0009065168305966], "max_temp_violation": [2.324494511283717], "temp_violation_squared": [13.759321344200727], "delta_action_sqaured": [1.6916502807363774]}, "mpc": {"rewards": [-606.7836026106241], "ene_cost": [5.939825368424108], "total_temp_violation": [2.783896834887429], "max_temp_violation": [0.6630610795886582], "temp_violation_squared": [3.039986526275064], "delta_action_sqaured": [0.9761079241938235]}}