{"base": {"rewards": [-725.6009591664617], "ene_cost": [7.10917442041223], "total_temp_violation": [0.5439026769235795], "max_temp_violation": [1.8857407906803019], "temp_violation_squared": [3.6400428984252824], "delta_action_sqaured": [1.1043474226813355]}, "mpc": {"rewards": [-606.7836026106241], "ene_cost": [5.939825368424108], "total_temp_violation": [2.783896834887429], "max_temp_violation": [0.6630610795886582], "temp_violation_squared": [3.039986526275064], "delta_action_sqaured": [0.9761079241938235]}}