{"energy": 56.089129349154376, "energy_cost": 5.302376673359414, "total_temp_violation": 16.566496140012873, "max_temp_violation": 1.0390725536082073}