{"energy": 47.54507222903678, "energy_cost": 5.755314927303992, "total_temp_violation": 17.480197420436397, "max_temp_violation": 1.410738098221202}