{"base": {"rewards": -746.9397877794274, "energy": 57.37203154523426, "ene_cost": 7.162639636278628, "total_temp_violation": 2.0009065168305966, "max_temp_violation": 2.324494511283717, "delta_action": 1.841028565061952, "temp_violation_squared": 13.759321344200727, "delta_action_sqaured": 1.6916502807363774}, "mpc": {"rewards": -605.9052028124249, "energy": 50.720596950407625, "ene_cost": 5.473608059656402, "total_temp_violation": 16.181628589169108, "max_temp_violation": 2.2490025937799487, "delta_action": 2.131402152013931, "temp_violation_squared": 54.95268337689662, "delta_action_sqaured": 0.35917134698881154}}