{"base": {"rewards": [-746.8920998241562], "ene_cost": [7.162117639792736], "total_temp_violation": [2.0009923985831364], "max_temp_violation": [2.3251609161020497], "temp_violation_squared": [13.764649410850385], "delta_action_sqaured": [1.6915686434032025]}, "mpc": {"rewards": [-605.9052028124249], "ene_cost": [5.473608059656402], "total_temp_violation": [16.181628589169108], "max_temp_violation": [2.2490025937799487], "temp_violation_squared": [54.95268337689662], "delta_action_sqaured": [0.35917134698881154]}}