{"base": {"rewards": [-725.6009591664617], "ene_cost": [7.10917442041223], "total_temp_violation": [0.5439026769235795], "max_temp_violation": [1.8857407906803019], "temp_violation_squared": [3.6400428984252824], "delta_action_sqaured": [1.1043474226813355]}, "mpc": {"rewards": [-605.9052028124249], "ene_cost": [5.473608059656402], "total_temp_violation": [16.181628589169108], "max_temp_violation": [2.2490025937799487], "temp_violation_squared": [54.95268337689662], "delta_action_sqaured": [0.35917134698881154]}}