{"base": {"rewards": [-746.8920998241562], "ene_cost": [7.162117639792736], "total_temp_violation": [2.0009923985831364], "max_temp_violation": [2.3251609161020497], "temp_violation_squared": [13.764649410850385], "delta_action_sqaured": [1.6915686434032025]}, "mpc": {"rewards": [-608.999380120024], "ene_cost": [5.8983424659884465], "total_temp_violation": [14.803622501469064], "max_temp_violation": [0.49555817588674245], "temp_violation_squared": [14.164805197796563], "delta_action_sqaured": [0.5000328323382754]}}