{"base": {"rewards": [-725.6009591664617], "ene_cost": [7.10917442041223], "total_temp_violation": [0.5439026769235795], "max_temp_violation": [1.8857407906803019], "temp_violation_squared": [3.6400428984252824], "delta_action_sqaured": [1.1043474226813355]}, "mpc": {"rewards": [-608.999380120024], "ene_cost": [5.8983424659884465], "total_temp_violation": [14.803622501469064], "max_temp_violation": [0.49555817588674245], "temp_violation_squared": [14.164805197796563], "delta_action_sqaured": [0.5000328323382754]}}