{"base": {"rewards": [-746.9397877794274], "ene_cost": [7.162639636278628], "total_temp_violation": [2.0009065168305966], "max_temp_violation": [2.324494511283717], "temp_violation_squared": [13.759321344200727], "delta_action_sqaured": [1.6916502807363774]}, "mpc": {"rewards": [-810.627219732295], "ene_cost": [5.807585675437145], "total_temp_violation": [7.938002262824355], "max_temp_violation": [3.9940763066086333], "temp_violation_squared": [58.63074756073999], "delta_action_sqaured": [17.123790462784058]}}