{"base": {"rewards": [-725.6009591664617], "ene_cost": [7.10917442041223], "total_temp_violation": [0.5439026769235795], "max_temp_violation": [1.8857407906803019], "temp_violation_squared": [3.6400428984252824], "delta_action_sqaured": [1.1043474226813355]}, "mpc": {"rewards": [-810.627219732295], "ene_cost": [5.807585675437145], "total_temp_violation": [7.938002262824355], "max_temp_violation": [3.9940763066086333], "temp_violation_squared": [58.63074756073999], "delta_action_sqaured": [17.123790462784058]}}