{"base": {"rewards": [-746.9397877794274], "ene_cost": [7.162639636278628], "total_temp_violation": [2.0009065168305966], "max_temp_violation": [2.324494511283717], "temp_violation_squared": [13.759321344200727], "delta_action_sqaured": [1.6916502807363774]}, "mpc": {"rewards": [-613.4200125893769], "ene_cost": [6.061701354846839], "total_temp_violation": [2.3290394183430863], "max_temp_violation": [0.43151205800910475], "temp_violation_squared": [0.7895200814956356], "delta_action_sqaured": [0.6460357023197393]}}