{"base": {"rewards": [-725.6009591664617], "ene_cost": [7.10917442041223], "total_temp_violation": [0.5439026769235795], "max_temp_violation": [1.8857407906803019], "temp_violation_squared": [3.6400428984252824], "delta_action_sqaured": [1.1043474226813355]}, "mpc": {"rewards": [-613.4200125893769], "ene_cost": [6.061701354846839], "total_temp_violation": [2.3290394183430863], "max_temp_violation": [0.43151205800910475], "temp_violation_squared": [0.7895200814956356], "delta_action_sqaured": [0.6460357023197393]}}