{"base": {"energy": [57.48529901597708], "energy_cost": [7.027204165688934], "total_temp_violation": [0.38942636821252563], "max_temp_violation": [0.38942636821252563]}, "mpc": {"energy": [48.86473293051016], "energy_cost": [5.976515431934912], "total_temp_violation": [49.71724660392891], "max_temp_violation": [0.7737812595827904]}}