{"base": {"energy": [57.48529901597708], "energy_cost": [7.027204165688934], "total_temp_violation": [0.2894263682125242], "max_temp_violation": [0.2894263682125242]}, "mpc": {"energy": [48.86473293051016], "energy_cost": [5.976515431934912], "total_temp_violation": [34.64768848617048], "max_temp_violation": [0.673781259582789]}}