{"mse": 133.8641934185831, "nrmse": 0.14146808527539068, "r2": 0.9917212197324905}