{"mse": 177.76205698822346, "nrmse": 0.16387466099122328, "r2": 0.9889039156108368}