{"mse": 45.39542191465268, "nrmse": 0.09675344720897552, "r2": 0.9962587564348132}