{"u_opt": [0.0, 0.0, 0.0, 0.0, 1.4738103980865453e-05, 1.4738092176707746e-05, 1.4738054862877547e-05, 1.4738033651737211e-05, 1.4737990581933478e-05, 1.4737942596447735e-05, 1.4737901647773767e-05, 1.4737839602416849e-05, 1.4737819293677563e-05, 1.4737807440398756e-05, 1.4737839593364962e-05, 1.4737839982306428e-05, 1.473785417390262e-05, 1.4737859230079473e-05, 1.4737892721847273e-05, 1.4737917888107397e-05, 1.473796480496967e-05, 1.4734777905086678e-05, 0.0, 0.38897726063908655, 0.0, 0.0, 0.0, 0.0, 0.0, 0.07799819518943459, 0.0, 0.20806501594346322, 0.0, 0.2550745993949245, 0.119408039492759, 0.3538059911128583, 1.2853580246045412e-06, 0.3719298286705059, 0.11203767461288416, 0.43355900634876, 0.26539487263533507, 0.372715473472043, 0.41850500342998864, 0.40809777001880587, 0.766903679451301, 0.6630335713235954, 0.7040190151944784, 0.4362059475417061, 0.5595565440499558, 0.5496641032098593, 0.5629585862108888, 0.5745252678265403, 0.5577844749925926, 0.5826905712192791, 0.5819503586027818, 0.5693595167371626, 0.5558500480313641, 0.5416789376267352, 0.5315323526939829, 0.5121401558563424, 0.498147304888553, 0.47964592305667797, 0.46225805392973734, 0.44454341366777506, 0.42559296000555763, 0.3538417109751563, 0.351927807381811, 0.3485638764598196, 0.34600861383198966, 0.32634505001168207, 0.2800182754541129, 0.2929371161882482, 0.2440377278691659, 0.22950732748430538, 0.189382398885607, 0.14886387588275873, 6.406152120281276e-06, 6.331558216562158e-06, 6.317292084579763e-06, 6.236170068863986e-06, 6.238192593882496e-06, 6.321005357860581e-06, 6.335765517182358e-06, 6.30686382265577e-06, 6.301269643825097e-06, 6.330019353798649e-06, 6.358092644845743e-06, 6.379996087275855e-06, 6.775705958990281e-06, 6.775707881783303e-06, 6.77571949865962e-06, 1.4738355117120614e-05, 1.4738254960005311e-05, 1.4738115060736042e-05, 1.4738032174615504e-05, 1.4738003105388078e-05], "t_opt": [19440000.0, 19440900.0, 19441800.0, 19442700.0, 19443600.0, 19444500.0, 19445400.0, 19446300.0, 19447200.0, 19448100.0, 19449000.0, 19449900.0, 19450800.0, 19451700.0, 19452600.0, 19453500.0, 19454400.0, 19455300.0, 19456200.0, 19457100.0, 19458000.0, 19458900.0, 19459800.0, 19460700.0, 19461600.0, 19462500.0, 19463400.0, 19464300.0, 19465200.0, 19466100.0, 19467000.0, 19467900.0, 19468800.0, 19469700.0, 19470600.0, 19471500.0, 19472400.0, 19473300.0, 19474200.0, 19475100.0, 19476000.0, 19476900.0, 19477800.0, 19478700.0, 19479600.0, 19480500.0, 19481400.0, 19482300.0, 19483200.0, 19484100.0, 19485000.0, 19485900.0, 19486800.0, 19487700.0, 19488600.0, 19489500.0, 19490400.0, 19491300.0, 19492200.0, 19493100.0, 19494000.0, 19494900.0, 19495800.0, 19496700.0, 19497600.0, 19498500.0, 19499400.0, 19500300.0, 19501200.0, 19502100.0, 19503000.0, 19503900.0, 19504800.0, 19505700.0, 19506600.0, 19507500.0, 19508400.0, 19509300.0, 19510200.0, 19511100.0, 19512000.0, 19512900.0, 19513800.0, 19514700.0, 19515600.0, 19516500.0, 19517400.0, 19518300.0, 19519200.0, 19520100.0, 19521000.0, 19521900.0, 19522800.0, 19523700.0, 19524600.0, 19525500.0], "Tz_pred_opt": [24.625204635521925, 24.38521218486619, 24.158372138546838, 23.927445442864837, 23.49716926276837, 23.30371983767292, 23.100738158503077, 22.887733607256216, 22.66726976983084, 22.59682822994162, 22.43796456306275, 22.161952936618356, 21.932349715093785, 21.680632003715342, 21.555891160485654, 21.369216770948576, 21.218085620811905, 21.043325220456, 20.845219618135438, 20.758967670915016, 20.653853225134657, 20.591023873148718, 20.588199547928024, 18.487712704853422, 21.251868191361975, 21.489498506958203, 21.714165385501122, 21.997360768610918, 21.823357963093585, 22.000010836287814, 21.97886005187176, 22.000006798990388, 21.64006004400488, 22.70715883509997, 21.989999770104234, 21.98999977010424, 23.625168769951543, 24.010000249913805, 24.010000249978223, 24.010000249978223, 24.01000024997822, 23.999996647698946, 23.999997531943144, 23.99999663410975, 22.00000196701154, 22.000044761397863, 22.000000013616933, 24.000000210723357, 24.000000184248577, 24.000000181537523, 24.00000017877943, 24.00000021318432, 24.00000018092109, 24.000000186040296, 24.0000001887971, 24.000000214971443, 24.000000186215093, 24.000000183200278, 24.000000182930833, 24.000000178271534, 24.00000021177738, 24.00000017577702, 24.000000209085584, 24.000000175694602, 24.000000208851343, 24.00000019617996, 24.00000009968218, 24.000000113134654, 24.00000012088924, 24.000000130745292, 24.00000010531418, 23.999996422977507, 23.99999606151291, 24.01000024999779, 24.010000249999358, 23.999991439954215, 25.03330978217519, 26.921294062530727, 27.14668418904193, 27.206921892481823, 26.963995572093253, 25.937217708060643, 25.459090485240008, 25.224938945416596, 24.994252351083045, 25.706409519076274, 25.572756723996754, 24.928760623650582, 24.399842566449802, 24.226976648020226, 24.55633680809569, 24.152541601238834, 24.031991426671375, 23.824373978960516, 23.504738698653732, 23.44869162280696], "P_pred_opt": [0.0, 0.0, 0.0, 0.0, 0.1113488554532105, 0.11134885532784929, 0.11134885493157308, 0.1113488547063089, 0.11134885424890374, 0.11134885373929361, 0.11134885330441505, 0.11134885264548783, 0.1113488524298072, 0.11134885230392431, 0.1113488526453917, 0.11134885264952228, 0.1113488528002383, 0.11134885285393535, 0.11134885320962092, 0.11134885347688883, 0.11134885397515008, 0.1113488201299899, 0.11119234437459194, 45.42519551848081, 0.11119234437459194, 0.11119234437459194, 0.11119234437459194, 0.11119234437459194, 0.11119234437459194, 1.4706672635013551, 0.11119234437459194, 9.44811852817461, 0.11119234437459194, 15.350176421144193, 2.9751892162752314, 35.323463819437606, 0.11120599350699505, 40.311512092725636, 2.65097944658173, 60.86181335905049, 16.926366541247514, 40.538047141633385, 55.30314606509653, 51.66965270926079, 300.48116473699736, 198.43416774010353, 235.3250403566855, 61.87699405171122, 123.02819072662965, 117.04687126279691, 125.13199884443138, 132.4665485934232, 121.94188532103725, 137.81561017914896, 137.32479189450035, 129.15598800410658, 120.7634775269851, 112.36470959569012, 106.60021276255732, 96.14640667302123, 89.05055883197625, 80.22553027561622, 72.49142732140706, 65.14996735290443, 57.87516441171304, 35.3328535262728, 34.8321557550393, 33.963970426746386, 33.31452066913874, 28.599853123803435, 19.34828258272973, 21.679794470063385, 13.781325041136915, 11.892012375822318, 7.6288619262307815, 4.560570644456902, 0.11126037222649647, 0.11125958008374684, 0.11125942858598929, 0.1112585671191976, 0.11125858859718471, 0.11125946801872082, 0.11125962476275694, 0.11125931784411837, 0.11125925843730676, 0.11125956374194729, 0.11125986186349071, 0.11126009446498056, 0.11126429667448544, 0.11126429669490442, 0.1112642968182691, 0.1113488581202999, 0.11134885705662241, 0.11134885557087972, 0.11134885469062174, 0.11134885438190394]}