{"test": {"r2": 0.9565276378129762, "mse": 0.49064265735861046, "nrmse": 0.03425512812967766, "error_mean": -0.19649165368254423}, "train": {"r2": 0.9775275796534396, "mse": 0.17651045980906763, "nrmse": 0.020131321941500586, "error_mean": -0.035356474515987966}}