{"test": {"r2": 0.9529558602137442, "mse": 0.5309548549162637, "nrmse": 0.0356345880466125, "error_mean": -0.23955849081307723}, "train": {"r2": 0.9779841948738902, "mse": 0.17292395861005963, "nrmse": 0.01992574900824372, "error_mean": -0.06829188599761112}}