{"alpha": [0.09614437579430418, 0.038300198626775035, 0.019027522735151767, 0.6052525620531901], "beta": [-0.3151683370194396, 1.0090868378621394, -1.2830833174242273, 0.8879663544664527], "gamma": 1.2801082459373796}