{"test": {"r2": 0.9602724884736875, "mse": 0.448377103173221, "nrmse": 0.03274648258925627, "error_mean": -0.14801502539395636}, "train": {"r2": 0.9785171954880858, "mse": 0.16873748550038517, "nrmse": 0.019683070931555458, "error_mean": 0.009593494401217052}}