{"test": {"error_mean": -0.18730977176873687, "mse": 0.4276953884473668, "nrmse": 0.03198233943165602, "r2": 0.9621049483703693}, "train": {"error_mean": -0.00392904568061192, "mse": 0.3688134035290986, "nrmse": 0.02909982779731896, "r2": 0.953044540009035}}