{"alpha": [0.008993501839691102, 0.050248859618546485, 0.0021735493420770176, 0.6314369265049418], "beta": [-0.41991948776800736, 1.2866172854439435, -1.5083506392647732, 0.960956787836679], "gamma": 1.0765731695968028}