{"base": {"rewards": [-746.8920998241562], "ene_cost": [7.162117639792736], "total_temp_violation": [2.0009923985831364], "max_temp_violation": [2.3251609161020497], "temp_violation_squared": [13.764649410850385], "delta_action_sqaured": [1.6915686434032025]}, "mpc": {"rewards": [-606.3257191945322], "ene_cost": [5.900487359567375], "total_temp_violation": [13.140917934386906], "max_temp_violation": [0.3758777915995779], "temp_violation_squared": [11.478590790724365], "delta_action_sqaured": [0.4798392447070394]}}