{"base": {"rewards": [-725.6009591664617], "ene_cost": [7.10917442041223], "total_temp_violation": [0.5439026769235795], "max_temp_violation": [1.8857407906803019], "temp_violation_squared": [3.6400428984252824], "delta_action_sqaured": [1.1043474226813355]}, "mpc": {"rewards": [-606.3257191945322], "ene_cost": [5.900487359567375], "total_temp_violation": [13.140917934386906], "max_temp_violation": [0.3758777915995779], "temp_violation_squared": [11.478590790724365], "delta_action_sqaured": [0.4798392447070394]}}