{"base": {"rewards": -746.9397877794274, "energy": 57.37203154523426, "ene_cost": 7.162639636278628, "total_temp_violation": 2.0009065168305966, "max_temp_violation": 2.324494511283717, "delta_action": 1.841028565061952, "temp_violation_squared": 13.759321344200727, "delta_action_sqaured": 1.6916502807363774}, "mpc": {"rewards": -606.3257191945322, "energy": 47.14484054726836, "ene_cost": 5.900487359567375, "total_temp_violation": 13.140917934386906, "max_temp_violation": 0.3758777915995779, "delta_action": 1.401566207529565, "temp_violation_squared": 11.478590790724365, "delta_action_sqaured": 0.4798392447070394}}