{"base": {"energy": [2.931939926284887], "energy_cost": [0.3677392658981314], "total_temp_violation": [0.0], "max_temp_violation": [0.0]}, "mpc": {"energy": [3.1030981933914625], "energy_cost": [0.3764382878413197], "total_temp_violation": [0.30410916889354667], "max_temp_violation": [0.1401077521166485]}}