{"base": {"rewards": [-746.9397877794274], "ene_cost": [7.162639636278628], "total_temp_violation": [2.0009065168305966], "max_temp_violation": [2.324494511283717], "temp_violation_squared": [13.759321344200727], "delta_action_sqaured": [1.6916502807363774]}, "mpc": {"rewards": [-613.9146082982915], "ene_cost": [5.934739186761384], "total_temp_violation": [1.6659657548113245], "max_temp_violation": [0.5578615526436579], "temp_violation_squared": [2.0518541005581037], "delta_action_sqaured": [1.8388835521594977]}}