{"base": {"rewards": [-725.6009591664617], "ene_cost": [7.10917442041223], "total_temp_violation": [0.5439026769235795], "max_temp_violation": [1.8857407906803019], "temp_violation_squared": [3.6400428984252824], "delta_action_sqaured": [1.1043474226813355]}, "mpc": {"rewards": [-613.9146082982915], "ene_cost": [5.934739186761384], "total_temp_violation": [1.6659657548113245], "max_temp_violation": [0.5578615526436579], "temp_violation_squared": [2.0518541005581037], "delta_action_sqaured": [1.8388835521594977]}}