{"base": {"temp_violation": [-184255.51798603238], "energy_cost": [-21.261637242270872]}, "mpc": {"temp_violation": [-179887.5093792691], "energy_cost": [-18.97138589406701]}, "drl": {"temp_violation": [-242170.47120219146], "energy_cost": [-25.24379452461465]}}