{"base": {"temp_violation": [-18.425551798603237], "energy_cost": [-21.261637242270872]}, "mpc": {"temp_violation": [-17.98875093792691], "energy_cost": [-18.97138589406701]}, "drl": {"temp_violation": [-49.16906847820905], "energy_cost": [-40.61023938095915]}}