{"base": {"temp_violation": [-18425.551798603236], "energy_cost": [-21.261637242270872]}, "mpc": {"temp_violation": [-17988.75093792691], "energy_cost": [-18.97138589406701]}, "drl": {"temp_violation": [-23731.133357026367], "energy_cost": [-25.067116801239955]}}