{"base": {"temp_violation": [-184.25551798603237], "energy_cost": [-21.261637242270872]}, "mpc": {"temp_violation": [-179.8875093792691], "energy_cost": [-18.97138589406701]}, "drl": {"temp_violation": [-319.3658378794038], "energy_cost": [-26.949778987303922]}}