{"base": {"temp_violation": [-18425.551798603236], "energy_cost": [-21.261637242270872]}, "mpc": {"temp_violation": [-20194.015358731394], "energy_cost": [-24.406073625905258]}, "drl": {"temp_violation": [-26163.164929334464], "energy_cost": [-25.0706485502164]}}