{"base": {"temp_violation": [-1842.5551798603237], "energy_cost": [-21.261637242270872]}, "mpc": {"temp_violation": [-2019.4015358731394], "energy_cost": [-24.406073625905258]}, "drl": {"temp_violation": [-3045.2120751033426], "energy_cost": [-24.76902465683795]}}