{"base": {"temp_violation": [-18.425551798603237], "energy_cost": [-21.261637242270872]}, "mpc": {"temp_violation": [-20.194015358731395], "energy_cost": [-24.406073625905258]}, "drl": {"temp_violation": [-33.19836833683393], "energy_cost": [-28.521391410441925]}}