{"base": {"temp_violation": [-18425.551798603236], "energy_cost": [-21.261637242270872]}, "mpc": {"temp_violation": [-17988.75093792691], "energy_cost": [-18.97138589406701]}, "drl": {"temp_violation": [-26163.164929334464], "energy_cost": [-25.0706485502164]}}