{"base": {"temp_violation": [-184255.51798603238], "energy_cost": [-21.261637242270872]}, "mpc": {"temp_violation": [-201940.15358731395], "energy_cost": [-24.406073625905258]}, "drl": {"temp_violation": [-242170.47120219146], "energy_cost": [-25.24379452461465]}}