{"base": {"rewards": [-725.5273346808629], "ene_cost": [7.108429396307003], "total_temp_violation": [0.5439273524472128], "max_temp_violation": [1.8861204405437206], "temp_violation_squared": [3.641312087345296], "delta_action_sqaured": [1.1043082962817246]}, "mpc": {"rewards": [-602.3873437677425], "ene_cost": [5.886327421057253], "total_temp_violation": [10.909611730054834], "max_temp_violation": [0.37457293699759475], "temp_violation_squared": [9.27929625217625], "delta_action_sqaured": [0.44753054098410755]}}