{"base": {"rewards": -746.9397877794274, "energy": 57.37203154523426, "ene_cost": 7.162639636278628, "total_temp_violation": 2.0009065168305966, "max_temp_violation": 2.324494511283717, "delta_action": 1.841028565061952, "temp_violation_squared": 13.759321344200727, "delta_action_sqaured": 1.6916502807363774}, "mpc": {"rewards": -595.5168936416701, "energy": 47.08997516087939, "ene_cost": 5.806635099287428, "total_temp_violation": 11.309441082083538, "max_temp_violation": 0.49789888946975225, "delta_action": 1.4250109987484687, "temp_violation_squared": 9.806454718717776, "delta_action_sqaured": 0.5046928994209431}}