{"base": {"temp_violation": [-185.75359397227072], "energy_cost": [-0.6404891635949223]}, "mpc": {"temp_violation": [-154.23528693903052], "energy_cost": [-0.34157751262254943]}, "drl": {"temp_violation": [-596.092984741236], "energy_cost": [-3.372954481310259]}}