{"base": {"temp_violation": [-1.8575359397227071], "energy_cost": [-0.6404891635949223]}, "mpc": {"temp_violation": [-1.542352869390305], "energy_cost": [-0.34157751262254943]}, "drl": {"temp_violation": [-8.740580068092418], "energy_cost": [-2.8722692179263754]}}