{"base": {"temp_violation": [-1857.5359397227073], "energy_cost": [-0.6404891635949223]}, "mpc": {"temp_violation": [-1542.3528693903052], "energy_cost": [-0.34157751262254943]}, "drl": {"temp_violation": [-2417.249149055586], "energy_cost": [-1.258429425165216]}}