{"base": {"temp_violation": [-18.575359397227075], "energy_cost": [-0.6404891635949223]}, "mpc": {"temp_violation": [-15.423528693903052], "energy_cost": [-0.34157751262254943]}, "drl": {"temp_violation": [-77.17081232938317], "energy_cost": [-2.5854440890393473]}}