{"base": {"temp_violation": [-185753.59397227073], "energy_cost": [-0.6404891635949223]}, "mpc": {"temp_violation": [-154235.2869390305], "energy_cost": [-0.34157751262254943]}, "drl": {"temp_violation": [-290032.74743507535], "energy_cost": [-1.0349123406013812]}}