{"base": {"temp_violation": [-18575.359397227072], "energy_cost": [-0.6404891635949223]}, "mpc": {"temp_violation": [-15423.528693903052], "energy_cost": [-0.34157751262254943]}, "drl": {"temp_violation": [-27607.625938574918], "energy_cost": [-1.4846199854086324]}}