{"base": {"temp_violation": [-185753.59397227073], "energy_cost": [-0.6404891635949223]}, "mpc": {"temp_violation": [-154235.2869390305], "energy_cost": [-0.34157751262254943]}, "drl": {"temp_violation": [-349205.6738277364], "energy_cost": [-0.9496878137621145]}}