{"base": {"energy": [57.479359665399826], "energy_cost": [7.026461569302897], "total_temp_violation": [0.09741547996391375], "max_temp_violation": [0.389661919855655]}, "mpc": {"energy": [48.24997280171013], "energy_cost": [5.900074125947204], "total_temp_violation": [15.492843706056107], "max_temp_violation": [0.7910247955820751]}}