{"u_opt": [0.1, 0.1, 0.1, 0.1, 0.1, 0.1, 0.1, 0.1, 0.1, 0.1, 0.1, 0.1, 0.1, 0.1, 0.1, 0.1, 0.10000000000001023, 0.10000000000000685, 0.10000000000000256, 0.10000000000000256, 0.10000000000000188, 0.10000000000000256, 0.10000000000000896, 0.10000000000000685, 0.10000000000000363, 0.10000000000000367, 0.10000000000000686, 0.10000000000000013, 0.10000000000000685, 0.1000000000000084, 0.10000000000000685, 0.10000000000001265, 0.10000000000000399, 0.10000000000000286, 0.12975780362152795, 0.12975780362152795, 0.12975780362152795, 0.12975780362152795, 0.12975780362152795, 0.1536556895032037, 0.21440798266922578, 0.2447184569522282, 0.2694102322925022, 0.29743951679545433, 0.32244577645719935, 0.35848513987177294, 0.3830289612813184, 0.4086776911231608, 0.42824806774514745, 0.4287951333555674, 0.4378585866044478, 0.4413944577290474, 0.44842273219514506, 0.4417119872197601, 0.439698536937313, 0.43201173979974583, 0.42485301866185077, 0.4142959105410852, 0.4033858532592152, 0.39112657879796126, 0.37840421712643973, 0.34637534083648375, 0.326106491112783, 0.29997868022367313, 0.28070171990293513, 0.27680014054042335, 0.26149849569038, 0.25249112000999074, 0.23558594161678442, 0.21593951064282577, 0.19953703670749132, 0.1828184846904111, 0.16750601969867457, 0.12975780423257116, 0.12975780362152795, 0.12975780362152795, 0.12975780362152795, 0.12975780362152795, 0.12975780362152795, 0.12975780362152795, 0.12975780362152795, 0.12975780362152795, 0.12975780362152795, 0.12975780362152795, 0.12975780362152795, 0.12975780362152795, 0.12975780362152795, 0.12975780362152795, 0.12975780362152795, 0.12975780362152795, 0.12975780362152795, 0.12975780362152795, 0.12975780362152795, 0.12975780362152795, 0.12975780362152795, 0.12975780362152795], "t_opt": [19440000.0, 19440900.0, 19441800.0, 19442700.0, 19443600.0, 19444500.0, 19445400.0, 19446300.0, 19447200.0, 19448100.0, 19449000.0, 19449900.0, 19450800.0, 19451700.0, 19452600.0, 19453500.0, 19454400.0, 19455300.0, 19456200.0, 19457100.0, 19458000.0, 19458900.0, 19459800.0, 19460700.0, 19461600.0, 19462500.0, 19463400.0, 19464300.0, 19465200.0, 19466100.0, 19467000.0, 19467900.0, 19468800.0, 19469700.0, 19470600.0, 19471500.0, 19472400.0, 19473300.0, 19474200.0, 19475100.0, 19476000.0, 19476900.0, 19477800.0, 19478700.0, 19479600.0, 19480500.0, 19481400.0, 19482300.0, 19483200.0, 19484100.0, 19485000.0, 19485900.0, 19486800.0, 19487700.0, 19488600.0, 19489500.0, 19490400.0, 19491300.0, 19492200.0, 19493100.0, 19494000.0, 19494900.0, 19495800.0, 19496700.0, 19497600.0, 19498500.0, 19499400.0, 19500300.0, 19501200.0, 19502100.0, 19503000.0, 19503900.0, 19504800.0, 19505700.0, 19506600.0, 19507500.0, 19508400.0, 19509300.0, 19510200.0, 19511100.0, 19512000.0, 19512900.0, 19513800.0, 19514700.0, 19515600.0, 19516500.0, 19517400.0, 19518300.0, 19519200.0, 19520100.0, 19521000.0, 19521900.0, 19522800.0, 19523700.0, 19524600.0, 19525500.0]}