{"energy": 56.117773956436636, "energy_cost": 5.713725475652757, "total_temp_violation": 3.4425237902724746, "max_temp_violation": 0.5898132063110779}