{"base": {"rewards": -746.9397877794274, "energy": 57.37203154523426, "ene_cost": 7.162639636278628, "total_temp_violation": 2.0009065168305966, "max_temp_violation": 2.324494511283717, "delta_action": 1.841028565061952, "temp_violation_squared": 13.759321344200727, "delta_action_sqaured": 1.6916502807363774}, "mpc": {"rewards": -512.2328275439116, "energy": 65.44501383221628, "ene_cost": 4.968843083800392, "total_temp_violation": 7.213126452878797, "max_temp_violation": 0.6769111862920454, "delta_action": 3.591774969344323, "temp_violation_squared": 7.119327533734339, "delta_action_sqaured": 0.8229191630138075}}