{"alpha": [1.6522256018805082, -0.8828085132896248, 0.1407791174410569, -0.10021111549998508], "beta": [-42.600595914689364, 68.678592119502], "gamma": [32818.18451900721, -242.5972353795565, 0.4462365539345066]}