{"alpha": [2.059178837116183, -1.2969544677309577, 0.14806329841512791, 0.07467056351135093], "beta": 0.014047610040252068, "gamma": 0.015206163694412193}