{"alpha": [2.0949188907003404, -1.3495029905741327, 0.16515756691453395, 0.08310852828117724], "beta": -0.00015186661983456612, "gamma": 0.006233638533963847}