{"alpha": [2.0866958661468566, -1.3478337255217243, 0.1721596826041536, 0.07730184747066468], "beta": 0.012900963489489948, "gamma": 0.011686827085867723}