{"u_opt": [0.1, 0.1, 0.1, 0.1, 0.1, 0.1, 0.1, 0.1, 0.1, 0.1, 0.1, 0.1, 0.1, 0.1, 0.1, 0.1, 0.28731417395920367, 0.10384297857591722, 0.39645251214726773, 0.28157352093576815, 0.24157546674951474, 0.28364448977511064, 0.28364448977511064, 0.2700352151011475, 0.3524573062541036, 0.1271241604316005, 0.3524573062541036, 0.46473432111556096, 0.20958669013816209, 0.9028863460639465, 0.42935385609912957, 0.12567908198366579, 0.22759188536795427, 0.1995880940487954, 0.2652564859419438, 0.9136455918045633, 0.44802828954261026, 0.1256473498170806, 0.8824753521900859, 0.20583709502266961, 0.5357836763968299, 0.7834182504572934, 0.20583709502266961, 0.5273436273978223, 0.165167589565393, 0.9022522367327489, 0.39645251214726773, 0.9400564778415552, 0.9148746287892213, 0.7519080337774258, 0.6998591286548299, 0.6820555701168469, 0.7612311377764969, 0.40412404217052345, 0.9938360931645674, 0.29263987863211366, 0.887643975731889, 0.469501202066939, 0.9869053561349919, 0.15613084744882075, 0.6316265569590775, 0.3299605888639784, 0.9269525829581844, 0.4245708287872093, 0.14345500214715487, 0.9254413873167304, 0.5906886291713167, 0.3449790244739296, 0.3159996008054489, 0.3585707340925368, 0.8606903884104857, 0.32147102538010025, 0.6430030459412047, 0.393105561370716, 0.8884208946263923, 0.31466348765179775, 0.3017720642977058, 0.5263857473320026, 0.4926787054089157, 0.5695311605275454, 0.12606456764534674, 0.6597113635162926, 0.11797976378946204, 0.2533928750525979, 0.27721181935068095, 0.326882375886664, 0.6675128265614629, 0.28767321214675057, 0.31134448378294766, 0.29084897849176194, 0.23106860852020222, 0.22926520866832045, 0.43336703728393433, 0.10471344350292704, 0.39770856114911557, 0.14067687234001972], "t_opt": [18316800.0, 18317700.0, 18318600.0, 18319500.0, 18320400.0, 18321300.0, 18322200.0, 18323100.0, 18324000.0, 18324900.0, 18325800.0, 18326700.0, 18327600.0, 18328500.0, 18329400.0, 18330300.0, 18331200.0, 18332100.0, 18333000.0, 18333900.0, 18334800.0, 18335700.0, 18336600.0, 18337500.0, 18338400.0, 18339300.0, 18340200.0, 18341100.0, 18342000.0, 18342900.0, 18343800.0, 18344700.0, 18345600.0, 18346500.0, 18347400.0, 18348300.0, 18349200.0, 18350100.0, 18351000.0, 18351900.0, 18352800.0, 18353700.0, 18354600.0, 18355500.0, 18356400.0, 18357300.0, 18358200.0, 18359100.0, 18360000.0, 18360900.0, 18361800.0, 18362700.0, 18363600.0, 18364500.0, 18365400.0, 18366300.0, 18367200.0, 18368100.0, 18369000.0, 18369900.0, 18370800.0, 18371700.0, 18372600.0, 18373500.0, 18374400.0, 18375300.0, 18376200.0, 18377100.0, 18378000.0, 18378900.0, 18379800.0, 18380700.0, 18381600.0, 18382500.0, 18383400.0, 18384300.0, 18385200.0, 18386100.0, 18387000.0, 18387900.0, 18388800.0, 18389700.0, 18390600.0, 18391500.0, 18392400.0, 18393300.0, 18394200.0, 18395100.0, 18396000.0, 18396900.0, 18397800.0, 18398700.0, 18399600.0, 18400500.0, 18401400.0, 18402300.0]}