{"energy": 51.90118813424012, "energy_cost": 5.696011500984237, "total_temp_violation": 15.135298460340792, "max_temp_violation": 0.7627025451192253}