{"alpha": [0.6555546175362172, -0.13417700908569935, 0.11750454916431577, 0.009756341553465551], "beta": 0.9800851109658877, "gamma": 0.34961596086090874}