{"u_opt": [0.1, 0.1, 0.1, 0.1, 0.1, 0.1, 0.1, 0.1, 0.1, 0.1, 0.1, 0.1, 0.1, 0.1, 0.1, 0.1, 0.10000000000001429, 0.1000000000000273, 0.10000000000000367, 0.1000000000000025, 0.10000000000002474, 0.1000000000000273, 0.10000000000002188, 0.10000000000000367, 0.10000000000002188, 0.10000000000000367, 0.10000000000002188, 0.10000000000002474, 0.10000000000002188, 0.10000000000001093, 0.10000000000003179, 0.10000000000003179, 0.100000000000056, 0.10000000000003179, 0.10000000000000742, 0.5120286297920937, 0.10000000000002188, 0.9999999999999523, 0.43574636287231494, 0.43574636287231494, 0.10000000000003179, 0.9999999999999891, 0.43574636287231494, 0.9999999999999686, 0.10000000000003179, 0.999999999999996, 0.43574636287231494, 0.9999999999999865, 0.10000000000001429, 0.43574636287231494, 0.10000000000000724, 0.43574636287231494, 0.10000000000002188, 0.43574636287231494, 0.10000000000002188, 0.43574636287231494, 0.10000000000002188, 0.43574636287231494, 0.10000000000002843, 0.43574636287231494, 0.10000000000002843, 0.43574636287231494, 0.10000000000003179, 0.43574636287231494, 0.10000000000002188, 0.43574636287231494, 0.10000000000003179, 0.43574636287231494, 0.10000000000002188, 0.9999999999999865, 0.43574636287231494, 0.9999999999999836, 0.10000000000002188, 0.9999999999999833, 0.43574636287231494, 0.43574636287231494, 0.43574636287231494, 0.43574636287231494, 0.43574636287231494, 0.43574636287231494, 0.43574636287231494, 0.10000000000002188, 0.43574636287231494, 0.10000000000014342, 0.43574636287231494, 0.1000000000000025, 0.43574636287231494, 0.10000000000001069, 0.43574636287231494, 0.1000000000000583, 0.43574636287231494, 0.10000000000002109, 0.43574636287231494, 0.43574636287231494, 0.10000000000001062, 0.43574636287231494], "t_opt": [19440000.0, 19440900.0, 19441800.0, 19442700.0, 19443600.0, 19444500.0, 19445400.0, 19446300.0, 19447200.0, 19448100.0, 19449000.0, 19449900.0, 19450800.0, 19451700.0, 19452600.0, 19453500.0, 19454400.0, 19455300.0, 19456200.0, 19457100.0, 19458000.0, 19458900.0, 19459800.0, 19460700.0, 19461600.0, 19462500.0, 19463400.0, 19464300.0, 19465200.0, 19466100.0, 19467000.0, 19467900.0, 19468800.0, 19469700.0, 19470600.0, 19471500.0, 19472400.0, 19473300.0, 19474200.0, 19475100.0, 19476000.0, 19476900.0, 19477800.0, 19478700.0, 19479600.0, 19480500.0, 19481400.0, 19482300.0, 19483200.0, 19484100.0, 19485000.0, 19485900.0, 19486800.0, 19487700.0, 19488600.0, 19489500.0, 19490400.0, 19491300.0, 19492200.0, 19493100.0, 19494000.0, 19494900.0, 19495800.0, 19496700.0, 19497600.0, 19498500.0, 19499400.0, 19500300.0, 19501200.0, 19502100.0, 19503000.0, 19503900.0, 19504800.0, 19505700.0, 19506600.0, 19507500.0, 19508400.0, 19509300.0, 19510200.0, 19511100.0, 19512000.0, 19512900.0, 19513800.0, 19514700.0, 19515600.0, 19516500.0, 19517400.0, 19518300.0, 19519200.0, 19520100.0, 19521000.0, 19521900.0, 19522800.0, 19523700.0, 19524600.0, 19525500.0]}