{"energy": 46.918981565896914, "energy_cost": 5.781703317189314, "total_temp_violation": 18.244512731776908, "max_temp_violation": 0.9204609929693106}