{"base": {"energy": [2.931939926284887], "energy_cost": [0.3677392658981314], "total_temp_violation": [0.0], "max_temp_violation": [0.0]}, "mpc": {"energy": [1.498067948547492], "energy_cost": [0.19395222115910876], "total_temp_violation": [1.460349588384645], "max_temp_violation": [0.3385898118081059]}}