{"mse": 43.12635391973421, "nrmse": 0.09424440581978212, "r2": 0.9966680200078509}