{"u_opt": [0.0, 0.0, 0.0, 0.0, 4.214764970673371e-05, 4.214765676645318e-05, 4.214762668996199e-05, 4.2147587128947214e-05, 4.214748875550145e-05, 4.2147233115500985e-05, 4.21470685994795e-05, 4.2146949329360334e-05, 4.2146925047978355e-05, 4.214689961527736e-05, 4.214688257865851e-05, 4.214688078829677e-05, 4.214693892047445e-05, 4.214700822699174e-05, 4.214710634680194e-05, 4.214720278984004e-05, 4.2147298326690515e-05, 4.2147379145673375e-05, 4.214749522375617e-05, 2.6977736869423632e-05, 2.697781436209515e-05, 9.786852998234693e-06, 9.786876036163811e-06, 9.783415472070875e-06, 4.260514622883078e-05, 5.8920342439747265e-05, 0.00022710994536513814, 0.004772222904410955, 0.041293347694016394, 0.07691713070348244, 0.10130634427781011, 0.13318527724387855, 0.13450420513915468, 0.14754115374659615, 0.15837032442356722, 0.1696767089420352, 0.19605640406065677, 0.21347466303489657, 0.23672470805913842, 0.25668407901749096, 0.2666813790119152, 0.2774583299743246, 0.30727171110073676, 0.324849674733907, 0.33902031763723084, 0.3485159378422487, 0.3524976504299603, 0.35473784154091575, 0.3514387320960315, 0.3557456266876838, 0.39869902154238596, 0.30111305164873114, 0.37670107378199796, 0.2949040754246616, 0.35978623598962217, 0.2946239006836312, 0.3187497631333147, 0.3004362893573728, 0.2824089047942436, 0.29601506029302505, 0.24865143561570596, 0.27995597040900677, 0.2164652631841892, 0.253366827205196, 0.18271190842471605, 0.19219670225581742, 0.1374581009743399, 0.16725640692802987, 0.10169709572823149, 0.1508453802457547, 0.03266170551939249, 0.21513870641935476, 2.697808132746418e-05, 2.6980093641739778e-05, 2.698044808766775e-05, 2.698005958005074e-05, 2.698234187132153e-05, 2.6980623460587538e-05, 2.6981282518867944e-05, 2.698238582362221e-05, 2.6981559565645198e-05, 2.6982032445733044e-05, 2.6981484163684257e-05, 4.215607214275823e-05, 4.2155704071285085e-05, 4.215493922568985e-05, 4.215400281782077e-05, 4.2153092260541825e-05, 4.2151946559448156e-05, 4.215114634428525e-05, 4.215063715234629e-05, 4.215031670670895e-05], "t_opt": [16848000.0, 16848900.0, 16849800.0, 16850700.0, 16851600.0, 16852500.0, 16853400.0, 16854300.0, 16855200.0, 16856100.0, 16857000.0, 16857900.0, 16858800.0, 16859700.0, 16860600.0, 16861500.0, 16862400.0, 16863300.0, 16864200.0, 16865100.0, 16866000.0, 16866900.0, 16867800.0, 16868700.0, 16869600.0, 16870500.0, 16871400.0, 16872300.0, 16873200.0, 16874100.0, 16875000.0, 16875900.0, 16876800.0, 16877700.0, 16878600.0, 16879500.0, 16880400.0, 16881300.0, 16882200.0, 16883100.0, 16884000.0, 16884900.0, 16885800.0, 16886700.0, 16887600.0, 16888500.0, 16889400.0, 16890300.0, 16891200.0, 16892100.0, 16893000.0, 16893900.0, 16894800.0, 16895700.0, 16896600.0, 16897500.0, 16898400.0, 16899300.0, 16900200.0, 16901100.0, 16902000.0, 16902900.0, 16903800.0, 16904700.0, 16905600.0, 16906500.0, 16907400.0, 16908300.0, 16909200.0, 16910100.0, 16911000.0, 16911900.0, 16912800.0, 16913700.0, 16914600.0, 16915500.0, 16916400.0, 16917300.0, 16918200.0, 16919100.0, 16920000.0, 16920900.0, 16921800.0, 16922700.0, 16923600.0, 16924500.0, 16925400.0, 16926300.0, 16927200.0, 16928100.0, 16929000.0, 16929900.0, 16930800.0, 16931700.0, 16932600.0, 16933500.0], "Tz_pred_opt": [24.541880080731403, 24.299955988540887, 24.091825135622855, 23.88807033224731, 23.213822411013346, 23.203718881721166, 23.150900200281843, 23.109861079784736, 22.97375329650016, 22.70816957036667, 22.495884053367476, 22.27357694614104, 22.13429849671093, 21.99336092283826, 21.82180330673677, 21.649115176209968, 21.461447537053907, 21.26979742998544, 21.156058879804903, 21.102461881666642, 21.14378814135634, 21.1957834500523, 21.291954087474252, 21.501147569962523, 21.66475180653687, 21.901840545156517, 22.19717259580876, 22.528633262111434, 22.934177784197235, 23.423264343837165, 23.870875497538897, 24.266673081250502, 24.354428898097744, 24.2161956235649, 23.950300579535973, 23.847080392984616, 23.946704583059493, 24.417210344566794, 24.783821237564, 25.144941656895515, 25.32651244585466, 25.273888904069764, 25.359465421289173, 25.36965160642789, 25.591232335269822, 25.941273704219288, 26.000011674893727, 26.000044295506797, 26.0000763643838, 26.000085589623993, 26.000117272668845, 26.00011547163777, 26.00009887101171, 26.00009565921527, 25.563318634360762, 26.000238933641022, 26.000386396125, 26.000189891640293, 26.0003072199588, 26.000162366042236, 26.00021327594105, 26.000196154543097, 26.000196935790854, 26.000225862323408, 26.000248583918747, 26.000318804497844, 26.000194737152757, 26.000226818997938, 26.00011046664517, 26.00013130338302, 26.000076151777343, 26.000144721573005, 26.000109204615487, 26.000147770978323, 26.100000269996855, 26.00009114948486, 24.9994808332808, 27.023843766068183, 26.89591243316033, 26.239959270326352, 27.02773793906505, 26.14565110482703, 26.010563171477436, 26.613180713353707, 26.305093694493028, 26.301004828784365, 26.118897042654744, 25.981403926734142, 26.04155129011546, 26.10667737108917, 26.165415613436103, 26.17389771657728, 26.16696358042399, 26.093829485380034, 26.018848245189517, 25.908485217582893], "P_pred_opt": [0.0, 0.0, 0.0, 0.0, 0.11359660466520131, 0.1135966047213943, 0.1135966044819956, 0.11359660416710327, 0.11359660338408384, 0.11359660134927572, 0.11359660003978374, 0.11359659909043385, 0.11359659889716223, 0.11359659869472653, 0.1135965985591208, 0.11359659854487013, 0.11359659900758264, 0.1135965995592391, 0.11359660034023968, 0.11359660110789371, 0.11359660186833477, 0.11359660251162661, 0.11359660343556896, 0.11347586927311663, 0.11347586988980962, 0.11333907821549999, 0.11333907839879644, 0.11333905086554381, 0.11360024619401445, 0.11373012430583562, 0.11507062915805877, 0.15247448602344668, 0.5716296684706585, 1.298807322680639, 2.060436245565764, 3.4754603418644496, 3.5457163784208134, 4.2952771671525465, 4.997811273788282, 5.8138251455581695, 8.073675761368904, 9.863526787592384, 12.658618862928012, 15.458937506360392, 17.01006163532302, 18.79848388485358, 24.41051926196992, 28.20512727323683, 31.542695772293012, 33.92369815817075, 34.95748076176751, 35.54842452171536, 34.68048809969838, 35.816471673299844, 48.562188710157464, 23.168291689329894, 41.706227127339936, 21.960409931836708, 36.90498703889392, 21.906945341493916, 26.84580678914882, 23.03448125856847, 19.66165231540124, 22.173294127178938, 14.28545663070497, 19.230642595974587, 10.196316734882164, 14.96658035436251, 6.86574832113504, 7.710191051561943, 3.7067056461092465, 5.631806157162799, 2.074725163293727, 4.501711405191225, 0.44896756896862217, 10.047753001708397, 0.11347587201434173, 0.1134758880285027, 0.11347589084921232, 0.113475887757437, 0.11347590592009738, 0.11347589224484432, 0.11347589748968394, 0.11347590626987338, 0.11347589969444484, 0.11347590345766322, 0.11347589909438988, 0.11359667170495306, 0.11359666877522803, 0.11359666268731465, 0.1135966552338234, 0.11359664798609422, 0.11359663886669963, 0.1135966324972567, 0.11359662844426055, 0.11359662589362134]}