{"alpha": [0.058560929613621145, 0.03791770479053211, -0.046765551198518676, 0.682572370837916], "beta": [-0.7217332207975491, 1.665533427639552, -1.8001308866988277, 1.1426855139128518], "gamma": 0.8750640064756777}