{"test": {"error_mean": -0.04218695496824989, "mse": 0.5420529022436965, "nrmse": 0.03461627059657915, "r2": 0.9222860578462551}, "train": {"error_mean": -0.012537225690197896, "mse": 0.45292159935306797, "nrmse": 0.031992260945369354, "r2": 0.942859797845941}}