{"base": {"rewards": [-746.8920998241562], "ene_cost": [7.162117639792736], "total_temp_violation": [2.0009923985831364], "max_temp_violation": [2.3251609161020497], "temp_violation_squared": [13.764649410850385], "delta_action_sqaured": [1.6915686434032025]}, "mpc": {"rewards": [-596.4365719843606], "ene_cost": [5.745474448098381], "total_temp_violation": [11.831241656070304], "max_temp_violation": [1.2204123397876856], "temp_violation_squared": [18.094401277074866], "delta_action_sqaured": [0.3794725897447783]}}