{"base": {"rewards": [-746.9397877794274], "ene_cost": [7.162639636278628], "total_temp_violation": [2.0009065168305966], "max_temp_violation": [2.324494511283717], "temp_violation_squared": [13.759321344200727], "delta_action_sqaured": [1.6916502807363774]}, "mpc": {"rewards": [-596.4365719843606], "ene_cost": [5.745474448098381], "total_temp_violation": [11.831241656070304], "max_temp_violation": [1.2204123397876856], "temp_violation_squared": [18.094401277074866], "delta_action_sqaured": [0.3794725897447783]}}