{"base": {"rewards": [-725.6009591664617], "ene_cost": [7.10917442041223], "total_temp_violation": [0.5439026769235795], "max_temp_violation": [1.8857407906803019], "temp_violation_squared": [3.6400428984252824], "delta_action_sqaured": [1.1043474226813355]}, "mpc": {"rewards": [-596.4365719843606], "ene_cost": [5.745474448098381], "total_temp_violation": [11.831241656070304], "max_temp_violation": [1.2204123397876856], "temp_violation_squared": [18.094401277074866], "delta_action_sqaured": [0.3794725897447783]}}