{"u_opt": [0.1, 0.1, 0.1, 0.1, 0.1, 0.1, 0.1, 0.1, 0.1, 0.1, 0.1, 0.1, 0.1, 0.1, 0.1, 0.1, 0.10000000000001394, 0.10000000000001154, 0.10000000000005317, 0.10000000000000565, 0.10000000000002131, 0.10000000000001552, 0.10000000000000392, 0.10000000000000156, 0.10000000000000145, 0.1000000000000062, 0.10000000000000527, 0.1000000000000043, 0.10000000000000198, 0.10000000000000937, 0.10000000000000737, 0.10000000000000595, 0.10000000000000077, 0.10202819717493654, 0.17587388010091282, 0.23055041976961735, 0.19065541219478555, 0.31117830086978354, 0.14972171982903582, 0.3480198200788857, 0.32252705814247057, 0.5042082103259665, 0.26076028870905865, 0.4202115777064632, 0.4064716819173989, 0.44330849084672547, 0.6960506915300556, 0.3324641643108494, 0.634740656370297, 0.348416124991979, 0.6818041043500945, 0.3739460841577843, 0.5845584240471529, 0.6380068989913488, 0.6374498337053088, 0.5399905074943141, 0.6758443473660065, 0.6047442503575834, 0.5207974567072357, 0.3881005019110576, 0.571669011742468, 0.5136482636769586, 0.7042630565927097, 0.17103267406651618, 0.9004813434598562, 0.2502226939854575, 0.4165648101837661, 0.2512392094125471, 0.3798870538985739, 0.32104893810710333, 0.2992249320680515, 0.29468668126864994, 0.4604447392873819, 0.19011511742725073, 0.3178236287915594, 0.17311713623244868, 0.6870845186866883, 0.43106482917574407, 0.5501169573365102, 0.3298476158247363, 0.5596461249471916, 0.10002691931771683, 0.6014429373315139, 0.6959460431758901, 0.10001554246227302, 0.42468674781099347, 0.10000000000000248, 0.41481331583828995, 0.10000000000013204, 0.43702089767840707, 0.10000000000000273, 0.23296708042809505, 0.1000000000000009, 0.10000000000001434, 0.10000000000002388, 0.10000000000003406], "t_opt": [19440000.0, 19440900.0, 19441800.0, 19442700.0, 19443600.0, 19444500.0, 19445400.0, 19446300.0, 19447200.0, 19448100.0, 19449000.0, 19449900.0, 19450800.0, 19451700.0, 19452600.0, 19453500.0, 19454400.0, 19455300.0, 19456200.0, 19457100.0, 19458000.0, 19458900.0, 19459800.0, 19460700.0, 19461600.0, 19462500.0, 19463400.0, 19464300.0, 19465200.0, 19466100.0, 19467000.0, 19467900.0, 19468800.0, 19469700.0, 19470600.0, 19471500.0, 19472400.0, 19473300.0, 19474200.0, 19475100.0, 19476000.0, 19476900.0, 19477800.0, 19478700.0, 19479600.0, 19480500.0, 19481400.0, 19482300.0, 19483200.0, 19484100.0, 19485000.0, 19485900.0, 19486800.0, 19487700.0, 19488600.0, 19489500.0, 19490400.0, 19491300.0, 19492200.0, 19493100.0, 19494000.0, 19494900.0, 19495800.0, 19496700.0, 19497600.0, 19498500.0, 19499400.0, 19500300.0, 19501200.0, 19502100.0, 19503000.0, 19503900.0, 19504800.0, 19505700.0, 19506600.0, 19507500.0, 19508400.0, 19509300.0, 19510200.0, 19511100.0, 19512000.0, 19512900.0, 19513800.0, 19514700.0, 19515600.0, 19516500.0, 19517400.0, 19518300.0, 19519200.0, 19520100.0, 19521000.0, 19521900.0, 19522800.0, 19523700.0, 19524600.0, 19525500.0]}