{"u_opt": [0.1, 0.1, 0.1, 0.1, 0.1, 0.1, 0.1, 0.1, 0.1, 0.1, 0.1, 0.1, 0.1, 0.1, 0.1, 0.1, 0.10000000000008755, 0.10000000000000306, 0.10000000000002449, 0.10000000000001442, 0.10000000000000524, 0.10000000000003609, 0.1000000000000006, 0.1000000000000022, 0.10000000000003305, 0.10000000000001018, 0.1000000000000094, 0.10000000000005257, 0.1000000000000073, 0.10000000000000306, 0.10000000000000085, 0.10000000000000685, 0.10000000000000095, 0.10000000000000071, 0.12975780362152795, 0.12975780362152795, 0.12975780362152795, 0.12975780362152795, 0.1536556895032037, 0.22180598800590218, 0.26347920527663005, 0.2893377023841915, 0.3053357511948859, 0.3197127273618102, 0.33753336770844056, 0.3603818805951932, 0.3808330433638651, 0.3997874458820367, 0.41706783005089487, 0.4198840956277591, 0.42624766127319214, 0.43168990222432946, 0.4394531132729448, 0.439585963760079, 0.4395242744578778, 0.4360081128184318, 0.43143512398579204, 0.4244739080048234, 0.4160550998974842, 0.40628186988367926, 0.39573928317625756, 0.37492103128812154, 0.3574255667007111, 0.3388594296427697, 0.32271422030851793, 0.3149849619270495, 0.3033462356910096, 0.29403883882834453, 0.2828872858945415, 0.26653772031070894, 0.2528816461789819, 0.2447184569522282, 0.2237762330835614, 0.16875374510675042, 0.1536556895032037, 0.12975780362152795, 0.12975780362152795, 0.12975780362152795, 0.12975780362152795, 0.12975780362152795, 0.12975780362152795, 0.12975780362152795, 0.12975780362152795, 0.12975780362152795, 0.12975780362152795, 0.12975780362152795, 0.12975780362152795, 0.12975780362152795, 0.12975780362152795, 0.12975780362152795, 0.12975780362152795, 0.12975780362152795, 0.12975780362152795, 0.12975780362152795, 0.12975780362152795, 0.12975780362152795], "t_opt": [19440000.0, 19440900.0, 19441800.0, 19442700.0, 19443600.0, 19444500.0, 19445400.0, 19446300.0, 19447200.0, 19448100.0, 19449000.0, 19449900.0, 19450800.0, 19451700.0, 19452600.0, 19453500.0, 19454400.0, 19455300.0, 19456200.0, 19457100.0, 19458000.0, 19458900.0, 19459800.0, 19460700.0, 19461600.0, 19462500.0, 19463400.0, 19464300.0, 19465200.0, 19466100.0, 19467000.0, 19467900.0, 19468800.0, 19469700.0, 19470600.0, 19471500.0, 19472400.0, 19473300.0, 19474200.0, 19475100.0, 19476000.0, 19476900.0, 19477800.0, 19478700.0, 19479600.0, 19480500.0, 19481400.0, 19482300.0, 19483200.0, 19484100.0, 19485000.0, 19485900.0, 19486800.0, 19487700.0, 19488600.0, 19489500.0, 19490400.0, 19491300.0, 19492200.0, 19493100.0, 19494000.0, 19494900.0, 19495800.0, 19496700.0, 19497600.0, 19498500.0, 19499400.0, 19500300.0, 19501200.0, 19502100.0, 19503000.0, 19503900.0, 19504800.0, 19505700.0, 19506600.0, 19507500.0, 19508400.0, 19509300.0, 19510200.0, 19511100.0, 19512000.0, 19512900.0, 19513800.0, 19514700.0, 19515600.0, 19516500.0, 19517400.0, 19518300.0, 19519200.0, 19520100.0, 19521000.0, 19521900.0, 19522800.0, 19523700.0, 19524600.0, 19525500.0]}