{"energy": 47.39812081752703, "energy_cost": 5.8479418510087955, "total_temp_violation": 18.194507034265726, "max_temp_violation": 1.046994637389389}