{"u_opt": [0.1, 0.1, 0.1, 0.1, 0.1, 0.1, 0.1, 0.1, 0.1, 0.1, 0.1, 0.1, 0.1, 0.1, 0.1, 0.1, 0.10000000000001567, 0.10000000000001219, 0.1000000000000096, 0.10000000000000897, 0.10000000000000556, 0.10000000000000049, 0.10000000000002494, 0.10000000000000134, 0.10000000000000138, 0.10000000000000081, 0.10000000000000071, 0.10000000000001955, 0.10000000000000081, 0.10000000000000107, 0.10000000000000502, 0.10000000000000113, 0.10000000000000113, 0.10000000000000381, 0.12975780317288652, 0.13518922781669754, 0.14418004284413494, 0.1531769044095637, 0.16696177930776446, 0.19574439812734667, 0.22101650242749213, 0.2502335451025208, 0.26048135772919623, 0.29394805147873615, 0.3132068534095384, 0.35818733226813526, 0.36881396161166125, 0.4544976678780436, 0.3766878984328818, 0.46242471467510177, 0.3893455302843744, 0.47921453239455136, 0.4006066448199553, 0.47994474076083155, 0.39251778428197426, 0.4719518568920565, 0.37532097887449545, 0.4573572774499394, 0.3500013260406496, 0.440213069420226, 0.3192237883940764, 0.40523791095263567, 0.26157032092479154, 0.37690328849056426, 0.19943395771657765, 0.38491611503835643, 0.17334391953806205, 0.3746176044581452, 0.1523649868250079, 0.3371291463110932, 0.13194729638993435, 0.28871213839762594, 0.12975780254834657, 0.16601557664755753, 0.1297578028198536, 0.12975780337084739, 0.12975780325821407, 0.12975780306305199, 0.129757803094487, 0.12975780325821407, 0.1297578030612996, 0.12975780322373134, 0.12975780280983853, 0.1297578035424783, 0.12975780372372606, 0.12975780306775633, 0.12975780300883283, 0.12975780251346883, 0.12975780308589605, 0.12975780347468194, 0.12975780274904988, 0.12975780258680558, 0.12975780364531433, 0.1285116728183327, 0.1000000000000293, 0.1000000000000014], "t_opt": [19440000.0, 19440900.0, 19441800.0, 19442700.0, 19443600.0, 19444500.0, 19445400.0, 19446300.0, 19447200.0, 19448100.0, 19449000.0, 19449900.0, 19450800.0, 19451700.0, 19452600.0, 19453500.0, 19454400.0, 19455300.0, 19456200.0, 19457100.0, 19458000.0, 19458900.0, 19459800.0, 19460700.0, 19461600.0, 19462500.0, 19463400.0, 19464300.0, 19465200.0, 19466100.0, 19467000.0, 19467900.0, 19468800.0, 19469700.0, 19470600.0, 19471500.0, 19472400.0, 19473300.0, 19474200.0, 19475100.0, 19476000.0, 19476900.0, 19477800.0, 19478700.0, 19479600.0, 19480500.0, 19481400.0, 19482300.0, 19483200.0, 19484100.0, 19485000.0, 19485900.0, 19486800.0, 19487700.0, 19488600.0, 19489500.0, 19490400.0, 19491300.0, 19492200.0, 19493100.0, 19494000.0, 19494900.0, 19495800.0, 19496700.0, 19497600.0, 19498500.0, 19499400.0, 19500300.0, 19501200.0, 19502100.0, 19503000.0, 19503900.0, 19504800.0, 19505700.0, 19506600.0, 19507500.0, 19508400.0, 19509300.0, 19510200.0, 19511100.0, 19512000.0, 19512900.0, 19513800.0, 19514700.0, 19515600.0, 19516500.0, 19517400.0, 19518300.0, 19519200.0, 19520100.0, 19521000.0, 19521900.0, 19522800.0, 19523700.0, 19524600.0, 19525500.0]}