{"u_opt": [0.1, 0.1, 0.1, 0.1, 0.1, 0.1, 0.1, 0.1, 0.1, 0.1, 0.1, 0.1, 0.1, 0.1, 0.1, 0.1, 0.10000000000001932, 0.10000000000006315, 0.10000000000002239, 0.10000000000003637, 0.10000000000000685, 0.10000000000001126, 0.10000000000004443, 0.10000000000000672, 0.10000000000001451, 0.1000000000000009, 0.10000000000000478, 0.10000000000000514, 0.10000000000001018, 0.10000000000000685, 0.10000000000000189, 0.10000000000001076, 0.1000000000000027, 0.10981950828208066, 0.12975780362152795, 0.12975780362152795, 0.12975780362152795, 0.12975780362152795, 0.15460755107818974, 0.22546907734155647, 0.24853049973918995, 0.2868642356225244, 0.3027766109606733, 0.3304762064217019, 0.35046993457999276, 0.38067028643603334, 0.40045208412939937, 0.42322754064309526, 0.4397364897238431, 0.4433890369051931, 0.4523974529948301, 0.4557465707393172, 0.46208823649908126, 0.45757276481004944, 0.45688570858971306, 0.4502770926261296, 0.44432784717953877, 0.4350578273331645, 0.4258440547433846, 0.4150867452779602, 0.4039301978510401, 0.37878443460320804, 0.36186046169367186, 0.33867572406489665, 0.32142327776336616, 0.31404819337418916, 0.2996819361356889, 0.2903669387652247, 0.2757023505781179, 0.26021754265004376, 0.2447184569522282, 0.22655351120617448, 0.21280828952201375, 0.17352070361658015, 0.16728211087178338, 0.1536556895032037, 0.12975780362152795, 0.12975780362152795, 0.12975780362152795, 0.12975780362152795, 0.12975780362152795, 0.12975780362152795, 0.12975780362152795, 0.12975780362152795, 0.12975780362152795, 0.12975780362152795, 0.12975780362152795, 0.12975780362152795, 0.12975780362152795, 0.12975780362152795, 0.12975780362152795, 0.12975780362152795, 0.12975780362152795, 0.12975780362152795, 0.12975780362152795, 0.12975780362152795], "t_opt": [19440000.0, 19440900.0, 19441800.0, 19442700.0, 19443600.0, 19444500.0, 19445400.0, 19446300.0, 19447200.0, 19448100.0, 19449000.0, 19449900.0, 19450800.0, 19451700.0, 19452600.0, 19453500.0, 19454400.0, 19455300.0, 19456200.0, 19457100.0, 19458000.0, 19458900.0, 19459800.0, 19460700.0, 19461600.0, 19462500.0, 19463400.0, 19464300.0, 19465200.0, 19466100.0, 19467000.0, 19467900.0, 19468800.0, 19469700.0, 19470600.0, 19471500.0, 19472400.0, 19473300.0, 19474200.0, 19475100.0, 19476000.0, 19476900.0, 19477800.0, 19478700.0, 19479600.0, 19480500.0, 19481400.0, 19482300.0, 19483200.0, 19484100.0, 19485000.0, 19485900.0, 19486800.0, 19487700.0, 19488600.0, 19489500.0, 19490400.0, 19491300.0, 19492200.0, 19493100.0, 19494000.0, 19494900.0, 19495800.0, 19496700.0, 19497600.0, 19498500.0, 19499400.0, 19500300.0, 19501200.0, 19502100.0, 19503000.0, 19503900.0, 19504800.0, 19505700.0, 19506600.0, 19507500.0, 19508400.0, 19509300.0, 19510200.0, 19511100.0, 19512000.0, 19512900.0, 19513800.0, 19514700.0, 19515600.0, 19516500.0, 19517400.0, 19518300.0, 19519200.0, 19520100.0, 19521000.0, 19521900.0, 19522800.0, 19523700.0, 19524600.0, 19525500.0]}