{"energy": 59.97591841674411, "energy_cost": 5.227147488359944, "total_temp_violation": 12.354372742252906, "max_temp_violation": 0.942943200879995}