{"base": {"rewards": -746.9397877794274, "energy": 57.37203154523426, "ene_cost": 7.162639636278628, "total_temp_violation": 2.0009065168305966, "max_temp_violation": 2.324494511283717, "delta_action": 1.841028565061952, "temp_violation_squared": 13.759321344200727, "delta_action_sqaured": 1.6916502807363774}, "mpc": {"rewards": -595.7227384622938, "energy": 47.09447028556454, "ene_cost": 5.8072512207082765, "total_temp_violation": 11.421636135499284, "max_temp_violation": 0.5017025698393809, "delta_action": 1.4250109987484687, "temp_violation_squared": 9.9506873972567, "delta_action_sqaured": 0.5046928994209431}}