{"u_opt": [[1.0776073889974084e-07], [3.2122142509613506e-07], [3.2109960338731023e-07], [3.7599935365813784e-07]], "t_opt": [17366400.0, 17367300.0, 17368200.0, 17369100.0]}