{"base": {"rewards": [-746.9397877794274], "ene_cost": [7.162639636278628], "total_temp_violation": [2.0009065168305966], "max_temp_violation": [2.324494511283717], "temp_violation_squared": [13.759321344200727], "delta_action_sqaured": [1.6916502807363774]}, "mpc": {"rewards": [-615.9422116971155], "ene_cost": [6.08279970436406], "total_temp_violation": [1.4045638183192608], "max_temp_violation": [0.2886065946989902], "temp_violation_squared": [0.5536674272515353], "delta_action_sqaured": [0.7108573833457974]}}