{"base": {"rewards": [-725.6009591664617], "ene_cost": [7.10917442041223], "total_temp_violation": [0.5439026769235795], "max_temp_violation": [1.8857407906803019], "temp_violation_squared": [3.6400428984252824], "delta_action_sqaured": [1.1043474226813355]}, "mpc": {"rewards": [-615.9422116971155], "ene_cost": [6.08279970436406], "total_temp_violation": [1.4045638183192608], "max_temp_violation": [0.2886065946989902], "temp_violation_squared": [0.5536674272515353], "delta_action_sqaured": [0.7108573833457974]}}