{"base": {"temp_violation": [-36851.103597206464], "energy_cost": [-20507.4759032221]}, "mpc": {"temp_violation": [-40388.05658160778], "energy_cost": [-19954.607223764528]}, "drl": {"temp_violation": [-101584.60805504041], "energy_cost": [-50849.03296798372]}}