{"base": {"energy_cost": [-21.261637242270872], "temp_violation": [-184.25551798603237]}, "mpc": {"energy_cost": [-18.97138589406701], "temp_violation": [-179.8875093792691]}, "dqn": {"energy_cost": [-18.97257822026638], "temp_violation": [-180.27228112374848]}, "sac": {"energy_cost": [-10.92535394651647], "temp_violation": [-1853.5112793172118]}}