{"base": {"energy_cost": [-0.6404891635949223], "temp_violation": [-185.75359397227072]}, "mpc": {"energy_cost": [-0.34157751262254943], "temp_violation": [-154.23528693903052]}, "dqn_v1": {"energy_cost": [-0.614208259051361], "temp_violation": [-123.9943596156528]}}