{"base": {"energy": [57.479359665399826], "energy_cost": [7.026461569302897], "total_temp_violation": [0.09741547996391375], "max_temp_violation": [0.389661919855655]}, "mpc": {"energy": [62.788016550151596], "energy_cost": [4.893574859753791], "total_temp_violation": [26.218439720661806], "max_temp_violation": [4.3638126483309065]}}