{"base": {"energy": [5.818537853927287], "energy_cost": [0.7371915738733064], "total_temp_violation": [0.0], "max_temp_violation": [0.0]}, "mpc": {"energy": [3.8497643216253983], "energy_cost": [0.5052006331487028], "total_temp_violation": [1.579647781923569], "max_temp_violation": [0.5729229446820341]}}