{"base": {"energy": [57.479359665399826], "energy_cost": [7.026461569302897], "total_temp_violation": [0.09741547996391375], "max_temp_violation": [0.389661919855655]}, "mpc": {"energy": [48.05498989561355], "energy_cost": [5.92835281008788], "total_temp_violation": [1.1025684156831659], "max_temp_violation": [0.08666960541921753]}}