{"base": {"energy": [57.479359665399826], "energy_cost": [7.026461569302897], "total_temp_violation": [0.09741547996391375], "max_temp_violation": [0.389661919855655]}, "mpc": {"energy": [47.049998102434294], "energy_cost": [5.769192048931378], "total_temp_violation": [14.878796204754352], "max_temp_violation": [0.7045290632935917]}}