{"energy": 57.948506396273906, "energy_cost": 5.8854784975688625, "total_temp_violation": 8.126337061355272, "max_temp_violation": 0.6721705609105015}