{"base": {"energy": [2.931939926284887], "energy_cost": [0.3677392658981314], "total_temp_violation": [0.0], "max_temp_violation": [0.0]}, "mpc": {"energy": [3.0912319701256696], "energy_cost": [0.3790394749119327], "total_temp_violation": [0.0], "max_temp_violation": [0.0]}}