{"base": {"energy": [2.931939926284887], "energy_cost": [0.3677392658981314], "total_temp_violation": [0.0], "max_temp_violation": [0.0]}, "mpc": {"energy": [3.211289777264021], "energy_cost": [0.3863005314698131], "total_temp_violation": [0.8349962480784825], "max_temp_violation": [0.2942077589361247]}}