{"r2": 0.9966680199985815, "mse": 43.126354039710904, "nrmse": 0.09424440595087519}