{"mse": 47.125914269119, "nrmse": 0.0908940645904392, "r2": 0.9968648461641516}