{"r2": 0.9958345558358022, "mse": 14.596200172194544, "nrmse": 0.10265595521164148}