{"u_opt": [0.0, 0.0, 0.0, 0.0, 4.214764970673371e-05, 4.214765676645318e-05, 4.214762668996199e-05, 4.2147587128947214e-05, 4.214748875550145e-05, 4.2147233115500985e-05, 4.21470685994795e-05, 4.2146949329360334e-05, 4.2146925047978355e-05, 4.214689961527736e-05, 4.214688257865851e-05, 4.214688078829677e-05, 4.214693892047445e-05, 4.214700822699174e-05, 4.214710634680194e-05, 4.214720278984004e-05, 4.2147298326690515e-05, 4.2147379145673375e-05, 4.214749522375617e-05, 2.6977736869423632e-05, 2.697781436209515e-05, 0.003947777737018449, 0.012710271478039598, 0.11706345478374024, 0.12562707751448907, 0.0, 0.13297162783226982, 0.006960524679828134, 0.13996199592685163, 0.1499843052470124, 0.1698708764269199, 0.2438995927596509, 0.18561839591973026, 0.24009724966543058, 0.22493775707611485, 0.23648121702903174, 0.2667232332039479, 0.2732521924507963, 0.2997353711766021, 0.3122832388361195, 0.3389670182989219, 0.3841889607389982, 0.3929780996109728, 0.43658702552586026, 0.429138130217701, 0.4572830128440066, 0.4541631828451473, 0.45303584255663587, 0.4536943963033294, 0.4478886797263074, 0.49842781992767005, 0.4029766747925124, 0.45928525766970385, 0.40423071267907973, 0.4310797662521266, 0.4038260728217171, 0.39047533604842005, 0.4002178642566464, 0.36471637815592517, 0.37845953035424124, 0.34185958422039214, 0.3439380532293475, 0.316431460084993, 0.30036108139116025, 0.28551782440687357, 0.21405242482081713, 0.2419485335707163, 0.16260607251216658, 0.23150538662861525, 0.08121780145897742, 0.25918025822802054, 9.770149455974533e-06, 2.697954029364182e-05, 2.697950811505099e-05, 2.697914125599796e-05, 2.698013996252728e-05, 2.697932668480983e-05, 2.697961806791121e-05, 2.6980128625515044e-05, 2.6980602447893356e-05, 2.69806655743631e-05, 2.698043664132699e-05, 2.6980208587748063e-05, 4.215340247437888e-05, 4.215326353732926e-05, 4.215306189727643e-05, 4.215235288051006e-05, 4.2151673750324103e-05, 4.2150804352411765e-05, 4.215017280154475e-05, 4.2149803986422e-05, 4.214956145511327e-05], "t_opt": [16848000.0, 16848900.0, 16849800.0, 16850700.0, 16851600.0, 16852500.0, 16853400.0, 16854300.0, 16855200.0, 16856100.0, 16857000.0, 16857900.0, 16858800.0, 16859700.0, 16860600.0, 16861500.0, 16862400.0, 16863300.0, 16864200.0, 16865100.0, 16866000.0, 16866900.0, 16867800.0, 16868700.0, 16869600.0, 16870500.0, 16871400.0, 16872300.0, 16873200.0, 16874100.0, 16875000.0, 16875900.0, 16876800.0, 16877700.0, 16878600.0, 16879500.0, 16880400.0, 16881300.0, 16882200.0, 16883100.0, 16884000.0, 16884900.0, 16885800.0, 16886700.0, 16887600.0, 16888500.0, 16889400.0, 16890300.0, 16891200.0, 16892100.0, 16893000.0, 16893900.0, 16894800.0, 16895700.0, 16896600.0, 16897500.0, 16898400.0, 16899300.0, 16900200.0, 16901100.0, 16902000.0, 16902900.0, 16903800.0, 16904700.0, 16905600.0, 16906500.0, 16907400.0, 16908300.0, 16909200.0, 16910100.0, 16911000.0, 16911900.0, 16912800.0, 16913700.0, 16914600.0, 16915500.0, 16916400.0, 16917300.0, 16918200.0, 16919100.0, 16920000.0, 16920900.0, 16921800.0, 16922700.0, 16923600.0, 16924500.0, 16925400.0, 16926300.0, 16927200.0, 16928100.0, 16929000.0, 16929900.0, 16930800.0, 16931700.0, 16932600.0, 16933500.0], "Tz_pred_opt": [24.541880080731403, 24.299955988540887, 24.091825135622855, 23.88807033224731, 23.213822411013346, 23.203718881721166, 23.150900200281843, 23.109861079784736, 22.97375329650016, 22.70816957036667, 22.495884053367476, 22.27357694614104, 22.13429849671093, 21.99336092283826, 21.82180330673677, 21.649115176209968, 21.461447537053907, 21.26979742998544, 21.156058879804903, 21.102461881666642, 21.14378814135634, 21.1957834500523, 21.291954087474252, 21.501147569962523, 21.66475180653687, 21.879773039603073, 22.11285230410692, 21.786275867478455, 22.000053200333838, 21.853475134325137, 22.674190898162983, 22.00040550438618, 22.88399717398579, 22.231199461442706, 22.083964468830203, 22.28197734185705, 22.00017442564974, 22.861526485568405, 22.936580961903356, 23.40634050371152, 23.685539423155806, 23.54498860972276, 23.82846565419992, 23.841512360961588, 24.00000995033846, 24.000072281349226, 24.00009770856981, 24.00013808089357, 24.000146927183685, 24.000181955653744, 24.000202754141924, 24.000209774537392, 24.000190678662303, 24.000197385246132, 23.645388925710225, 24.0005470423933, 24.000689084253004, 24.00049395472697, 24.000547709192897, 24.0004457226745, 24.00039782703503, 24.000461604393156, 24.00040947507362, 24.000454471545993, 24.000524996379223, 24.000565294961124, 24.00047404748748, 24.000526613376827, 24.000486603553913, 24.000211230349606, 24.000247728361323, 24.000149016020746, 24.00031852627665, 24.100000249999656, 24.100000249999653, 23.932549829731098, 26.91238613557792, 26.425269403108757, 25.727018538127393, 26.136364474573575, 25.45707847127558, 25.334488340919513, 25.257168293339745, 25.794685384572354, 25.721006110392302, 25.53204859249714, 25.402711494161032, 25.31945509509693, 25.404641260062863, 25.54189997422403, 25.600724333060484, 25.620748504307272, 25.634031476824358, 25.58266491170095, 25.545134521066178, 25.46146918102862], "P_pred_opt": [0.0, 0.0, 0.0, 0.0, 0.11359660466520131, 0.1135966047213943, 0.1135966044819956, 0.11359660416710327, 0.11359660338408384, 0.11359660134927572, 0.11359660003978374, 0.11359659909043385, 0.11359659889716223, 0.11359659869472653, 0.1135965985591208, 0.11359659854487013, 0.11359659900758264, 0.1135965995592391, 0.11359660034023968, 0.11359660110789371, 0.11359660186833477, 0.11359660251162661, 0.11359660343556896, 0.11347586927311663, 0.11347586988980962, 0.14551404265275414, 0.22398311755493358, 2.6944893230488027, 3.091753671786551, 0.11326121615684029, 3.464173403432233, 0.1713529359841736, 3.84716752921225, 4.447254822983227, 5.828604159639532, 13.621001117434542, 7.117264036491568, 13.104921375173861, 11.18131381625431, 12.626809189515555, 17.016771189990415, 18.085852146765028, 22.896453085211903, 25.45437006838707, 31.529662616389615, 43.96071605340926, 46.71081624607238, 62.09415333179741, 59.25454210253319, 70.46397086780547, 69.15624585394949, 68.68776730338351, 68.9611751300444, 66.57603999379745, 89.30442058743759, 49.978557091003175, 71.31198413730482, 50.399025129121256, 59.98606513071431, 50.26309198502359, 45.91616290150678, 49.06193235287266, 38.26333315688559, 42.22844534340657, 32.24229228185402, 32.76107578895608, 26.341144734562288, 23.019643753283056, 20.21738627932684, 9.927222624716835, 13.354471249876143, 5.293378789478508, 11.988803788292337, 1.4155255382024154, 15.836701017824296, 0.11333894531727975, 0.1134758836249134, 0.11347588336883355, 0.11347588044933932, 0.11347588839712729, 0.11347588192499691, 0.11347588424384737, 0.11347588830690643, 0.11347589207762358, 0.11347589257998919, 0.1134758907581214, 0.1134758889432524, 0.11359665045529184, 0.11359664934939975, 0.11359664774441285, 0.11359664210087832, 0.11359663669523096, 0.11359662977511668, 0.11359662474818477, 0.11359662181254077, 0.11359661988207337]}