{"u_opt": [0.0, 0.0, 0.0, 0.0, 5.303033051611036e-09, 5.303035781618445e-09, 5.3030357903533e-09, 5.30303580180141e-09, 5.303035830204165e-09, 5.303035904104567e-09, 5.303035951909251e-09, 5.303035987036296e-09, 5.303035994674621e-09, 5.303036002541601e-09, 5.30303600774062e-09, 5.303036008469892e-09, 5.303035991560302e-09, 5.3030359713748254e-09, 5.3030359427126996e-09, 5.303035914269135e-09, 5.303035885634425e-09, 5.303035860856739e-09, 5.303041744445254e-09, 0.0, 0.0, 0.028004623078347238, 0.04320112011694569, 0.12308784146272402, 0.15225467836042966, 0.0, 0.14002470542943726, 0.0, 0.14519724572033918, 0.16540697510639152, 0.16255716068436077, 0.27516741420313223, 0.14538377381203757, 0.33608163660020274, 0.2527557636412654, 0.2717334029942569, 0.3523125703550714, 0.29200013800408925, 0.40783317083412984, 0.3828460307851335, 0.41110698672866014, 0.45346685489968075, 0.42934195394702007, 0.4757085033796519, 0.42958015204051486, 0.4460578639277043, 0.4220056023332392, 0.4552092895900038, 0.41024960572067, 0.45879947639523955, 0.4941430171175022, 0.36126755452559567, 0.4913450303425525, 0.3658738739912462, 0.4977780136287994, 0.3697925322984723, 0.4258448838830629, 0.38284912485271827, 0.37371049532152406, 0.36151521390121183, 0.3267190520862385, 0.3499832945454575, 0.2754812076762345, 0.3425933446416348, 0.2090138914117681, 0.3212583722570033, 0.14550376699574816, 0.3213841333149024, 0.03443466381369652, 0.46137723715643364, 0.0, 0.4723310365809469, 0.1182099894955968, 0.02507410062336397, 1.1305254049536395e-08, 0.0, 0.0, 0.0, 0.0, 0.0, 0.0, 0.0, 0.0, 5.303031730513478e-09, 5.303034560883488e-09, 5.303034645934731e-09, 5.303034760344401e-09, 5.303034899324403e-09, 5.303035101421795e-09, 5.303035247921189e-09, 5.303035340900585e-09, 5.303035398215486e-09], "t_opt": [16848000.0, 16848900.0, 16849800.0, 16850700.0, 16851600.0, 16852500.0, 16853400.0, 16854300.0, 16855200.0, 16856100.0, 16857000.0, 16857900.0, 16858800.0, 16859700.0, 16860600.0, 16861500.0, 16862400.0, 16863300.0, 16864200.0, 16865100.0, 16866000.0, 16866900.0, 16867800.0, 16868700.0, 16869600.0, 16870500.0, 16871400.0, 16872300.0, 16873200.0, 16874100.0, 16875000.0, 16875900.0, 16876800.0, 16877700.0, 16878600.0, 16879500.0, 16880400.0, 16881300.0, 16882200.0, 16883100.0, 16884000.0, 16884900.0, 16885800.0, 16886700.0, 16887600.0, 16888500.0, 16889400.0, 16890300.0, 16891200.0, 16892100.0, 16893000.0, 16893900.0, 16894800.0, 16895700.0, 16896600.0, 16897500.0, 16898400.0, 16899300.0, 16900200.0, 16901100.0, 16902000.0, 16902900.0, 16903800.0, 16904700.0, 16905600.0, 16906500.0, 16907400.0, 16908300.0, 16909200.0, 16910100.0, 16911000.0, 16911900.0, 16912800.0, 16913700.0, 16914600.0, 16915500.0, 16916400.0, 16917300.0, 16918200.0, 16919100.0, 16920000.0, 16920900.0, 16921800.0, 16922700.0, 16923600.0, 16924500.0, 16925400.0, 16926300.0, 16927200.0, 16928100.0, 16929000.0, 16929900.0, 16930800.0, 16931700.0, 16932600.0, 16933500.0], "Tz_pred_opt": [24.54187995249049, 24.29995599693615, 24.09182395064147, 23.888071646146614, 23.214124495368583, 23.204310470493013, 23.151532359414386, 23.110519766377863, 22.974438763029283, 22.708827553593043, 22.496553334712864, 22.274246337165604, 22.13496286123391, 21.994020571871026, 21.822447940611898, 21.649748629789663, 21.462071909842674, 21.27040752238013, 21.156646147717883, 21.103030900589406, 21.1443461900716, 21.196328116452165, 21.29250727475499, 21.501634037180587, 21.665236306479954, 21.753136889830245, 21.893701877684286, 21.745818902956437, 21.980987301310606, 21.628424773052473, 22.652983586971402, 21.91382153283287, 23.11638072370889, 21.97636848550152, 22.041704156750985, 21.95786167007212, 21.89999996131462, 22.916780935163093, 21.993694153689162, 23.193409784056044, 22.695335213180645, 22.732948967759135, 23.13216214366669, 22.40479115817139, 23.128338773822335, 22.871489046759436, 23.201787802418448, 23.494472374079827, 23.512296420545727, 24.058203362765276, 24.055993378364715, 24.100000229891744, 24.080333002173195, 24.083214912020647, 23.381232047069325, 24.10000022540818, 24.100000245311954, 23.889622678830023, 24.10000024639888, 23.422670487585393, 24.1000002416923, 23.665067621297254, 24.10000022627179, 24.040171690626188, 24.10000024736722, 24.100000247844307, 24.100000245741434, 24.10000024845299, 24.10000024170227, 24.100000247814712, 23.695485063616527, 24.10000024851799, 23.887616772740078, 24.10000024999966, 22.719786782144517, 24.100000248185545, 21.185492312628973, 24.467829778159018, 25.56030505016727, 24.323336090058724, 25.74457772465815, 24.59455219456263, 24.445144755148963, 25.267556461642418, 24.95035733854135, 25.087969711728967, 24.941052955108578, 24.82526369340906, 24.952140765422765, 25.05160819127713, 25.16164615390978, 25.214072043558318, 25.245292211879203, 25.21770423326093, 25.18334896712405, 25.112482486948462], "P_pred_opt": [0.0, 0.0, 0.0, 0.0, 0.11326111547773776, 0.11326111547775948, 0.11326111547775955, 0.11326111547775965, 0.11326111547775987, 0.11326111547776045, 0.11326111547776084, 0.11326111547776112, 0.11326111547776117, 0.11326111547776124, 0.11326111547776128, 0.11326111547776128, 0.11326111547776116, 0.11326111547776099, 0.11326111547776077, 0.11326111547776054, 0.11326111547776031, 0.11326111547776012, 0.11326111547780691, 0.11326107165443919, 0.11326107165442977, 0.38969247988427747, 0.6011626605065534, 2.9698964628916125, 4.591852506721276, 0.113260993739108, 3.8507334857246365, 0.11326101055201815, 4.152957868385775, 5.4954470781855935, 5.289897832467774, 18.407998209128188, 4.164159791389299, 30.82956928262375, 14.877078898743896, 17.833157013163643, 34.90895955835144, 21.41058205356115, 51.62022009452554, 43.55044040340148, 52.747256973186936, 68.86662517708761, 59.331048909074916, 78.5294742102566, 59.42054292394511, 65.83562290029573, 56.61914045116449, 69.5928938534299, 52.450502128605635, 71.10561071704338, 87.20047021200722, 37.309613727516094, 85.84478651572508, 38.5870977593286, 88.98317036468364, 39.697004436607656, 58.027633947754964, 43.5513826670134, 40.82819923566872, 37.37755552248742, 28.630919877177092, 34.30221624810406, 18.461151997254184, 32.42479462257597, 9.381268668391058, 27.399288249112786, 4.1713772472575705, 27.427238448433314, 0.4727602182775471, 72.2053393158814, 0.11326099373920774, 77.00668859498602, 2.7454427209130605, 0.35466344825371393, 0.11326116322708746, 0.11326107165444842, 0.11326107165442473, 0.11326107165442723, 0.11326107165442667, 0.11326107165442495, 0.11326107165442592, 0.11326107165442505, 0.11326107165440631, 0.11326111547772726, 0.11326111547774977, 0.11326111547775045, 0.11326111547775136, 0.11326111547775246, 0.11326111547775407, 0.11326111547775523, 0.11326111547775598, 0.11326111547775643]}