{"test": {"error_mean": 0.02154514388763104, "mse": 0.4929644218887209, "nrmse": 0.03509651216020606, "r2": 0.9311165684886258}, "train": {"error_mean": 0.0027070759384473586, "mse": 0.4755260447809123, "nrmse": 0.03503402014850118, "r2": 0.9454389930072498}}