{"test": {"error_mean": -0.18797262123778807, "mse": 0.4348028561307629, "nrmse": 0.032246986700762856, "r2": 0.961475206123683}, "train": {"error_mean": -0.003588103621155987, "mse": 0.23796288904618743, "nrmse": 0.023374465434156635, "r2": 0.9697037667041808}}