{"alpha": [0.06479371352038224, 0.02656776357179853, -0.046251691101155464, 0.6762664614864784], "beta": [-0.13298522723191505, 0.8953251351514216, -1.3643359990145971, 0.9112553882848528], "gamma": 0.8386589547075665}