{"test": {"r2": 0.9877128466876874, "mse": 0.11308698025295663, "nrmse": 0.013951610203001747, "error_mean": -0.043411005213771156}, "train": {"r2": 0.9890482400083694, "mse": 0.10853131278374656, "nrmse": 0.014215321464008078, "error_mean": 0.0010096868898272437}}