{"alpha": [0.07139633311487592, 0.03469053094372655, -0.04992520408161465, 0.6758461262011036], "beta": [-0.09760668437540249, 0.7411878840107864, -1.152018651970027, 0.8075529302110686], "gamma": 0.8462059735666614}