{"alpha": [0.02219606308141466, 0.10027595293468743, -0.25324907509575756, 0.9776841806442361], "beta": [-0.31991237482322865, 0.886562713248466, -1.0263902069825337, 0.6353029645027028], "gamma": 0.6003192182827839}