{"test": {"error_mean": 0.06821231980450651, "mse": 0.4905918698268551, "nrmse": 0.035163047214636665, "r2": 0.910697415656625}, "train": {"error_mean": 0.005401675357695526, "mse": 0.4812225869655019, "nrmse": 0.03500136885465302, "r2": 0.9452094223244156}}