{"base": {"energy_cost": [-0.6404891635949223], "temp_violation": [-185.75359397227072]}, "mpc": {"energy_cost": [-0.34157751262254943], "temp_violation": [-154.23528693903052]}, "dqn": {"energy_cost": [-0.6167041852549513], "temp_violation": [-111.59620157231865]}, "sac": {"energy_cost": [-13.754619685714294], "temp_violation": [-1500.4932350033223]}}