{"u_opt": [0.1, 0.1, 0.1, 0.1, 0.1, 0.1, 0.1, 0.1, 0.1, 0.1, 0.1, 0.1, 0.1, 0.1, 0.1, 0.1, 0.10000000000002919, 0.10000000000000718, 0.10000000000003616, 0.10000000000000285, 0.10000000000003616, 0.10000000000000411, 0.10000000000001505, 0.10000000000001383, 0.10000000000000046, 0.10000000000000747, 0.10000000000000527, 0.10000000000001016, 0.10000000000000142, 0.10000000000000232, 0.10000000000000259, 0.10000000000000135, 0.10000000000000896, 0.10000000000000685, 0.12975780362152795, 0.12975780362152795, 0.12975780362152795, 0.12975780362152795, 0.12975780362152795, 0.1536556895032037, 0.22381918781148932, 0.22274072650807727, 0.2910016729792498, 0.2720463285628078, 0.350358671541254, 0.3257408698219101, 0.4104117912393863, 0.37086809498566214, 0.45604688524305065, 0.38972199433826693, 0.4707075182911024, 0.4008076879562979, 0.4830045937636797, 0.3987874097187932, 0.47767002278474785, 0.38618634159973797, 0.46579935495834457, 0.36418662198213025, 0.44911322165949175, 0.3360099966289156, 0.4314513002749975, 0.2846621449353402, 0.39755729690278074, 0.22211493328629014, 0.38205234329596555, 0.16461776995151828, 0.4104621479500891, 0.12975780362152795, 0.41356271296726677, 0.12975780362152795, 0.3412165749434773, 0.12975780362152795, 0.25484736438041, 0.12975780362152795, 0.12975780362152795, 0.12975780362152795, 0.12975780362152795, 0.12975780362152795, 0.12975780362152795, 0.12975780362152795, 0.12975780362152795, 0.12975780362152795, 0.12975780362152795, 0.12975780362152795, 0.12975780362152795, 0.12975780362152795, 0.12975780362152795, 0.12975780362152795, 0.12975780362152795, 0.12975780362152795, 0.12975780362152795, 0.12975780362152795, 0.12975780362152795, 0.12975780362152795, 0.12975780362152795, 0.12975780362152795], "t_opt": [19440000.0, 19440900.0, 19441800.0, 19442700.0, 19443600.0, 19444500.0, 19445400.0, 19446300.0, 19447200.0, 19448100.0, 19449000.0, 19449900.0, 19450800.0, 19451700.0, 19452600.0, 19453500.0, 19454400.0, 19455300.0, 19456200.0, 19457100.0, 19458000.0, 19458900.0, 19459800.0, 19460700.0, 19461600.0, 19462500.0, 19463400.0, 19464300.0, 19465200.0, 19466100.0, 19467000.0, 19467900.0, 19468800.0, 19469700.0, 19470600.0, 19471500.0, 19472400.0, 19473300.0, 19474200.0, 19475100.0, 19476000.0, 19476900.0, 19477800.0, 19478700.0, 19479600.0, 19480500.0, 19481400.0, 19482300.0, 19483200.0, 19484100.0, 19485000.0, 19485900.0, 19486800.0, 19487700.0, 19488600.0, 19489500.0, 19490400.0, 19491300.0, 19492200.0, 19493100.0, 19494000.0, 19494900.0, 19495800.0, 19496700.0, 19497600.0, 19498500.0, 19499400.0, 19500300.0, 19501200.0, 19502100.0, 19503000.0, 19503900.0, 19504800.0, 19505700.0, 19506600.0, 19507500.0, 19508400.0, 19509300.0, 19510200.0, 19511100.0, 19512000.0, 19512900.0, 19513800.0, 19514700.0, 19515600.0, 19516500.0, 19517400.0, 19518300.0, 19519200.0, 19520100.0, 19521000.0, 19521900.0, 19522800.0, 19523700.0, 19524600.0, 19525500.0]}