{"energy": 56.833107502824944, "energy_cost": 5.921682606268623, "total_temp_violation": 1.7440833957215744, "max_temp_violation": 0.6147281503334057}