{"base": {"energy": [2.931939926284887], "energy_cost": [0.3677392658981314], "total_temp_violation": [0.0], "max_temp_violation": [0.0]}, "mpc": {"energy": [3.1063452644900718], "energy_cost": [0.37846811573917294], "total_temp_violation": [0.4897387166429894], "max_temp_violation": [0.19843847731624464]}}