{"alpha": [0.02285030591935993, 0.06788717620646893, -0.01743757276409302, 0.6590196672192493], "beta": [-0.5881329549715334, 1.9083182353684183, -2.5188688722941195, 1.486703408566406], "gamma": 0.989238163826788}