{"base": {"rewards": [-746.9397877794274], "ene_cost": [7.162639636278628], "total_temp_violation": [2.0009065168305966], "max_temp_violation": [2.324494511283717], "temp_violation_squared": [13.759321344200727], "delta_action_sqaured": [1.6916502807363774]}, "mpc": {"rewards": [-613.0287194359186], "ene_cost": [6.0413251211413455], "total_temp_violation": [1.141851595264825], "max_temp_violation": [0.289257959863221], "temp_violation_squared": [0.4794870561630833], "delta_action_sqaured": [0.841672026562092]}}