{"base": {"rewards": [-725.6009591664617], "ene_cost": [7.10917442041223], "total_temp_violation": [0.5439026769235795], "max_temp_violation": [1.8857407906803019], "temp_violation_squared": [3.6400428984252824], "delta_action_sqaured": [1.1043474226813355]}, "mpc": {"rewards": [-613.0287194359186], "ene_cost": [6.0413251211413455], "total_temp_violation": [1.141851595264825], "max_temp_violation": [0.289257959863221], "temp_violation_squared": [0.4794870561630833], "delta_action_sqaured": [0.841672026562092]}}