{"base": {"rewards": [-725.6009591664617], "ene_cost": [7.10917442041223], "total_temp_violation": [0.5439026769235795], "max_temp_violation": [1.8857407906803019], "temp_violation_squared": [3.6400428984252824], "delta_action_sqaured": [1.1043474226813355]}, "mpc": {"rewards": [-612.3722479276448], "ene_cost": [6.055185025408429], "total_temp_violation": [1.9891235438352055], "max_temp_violation": [0.21515939596287126], "temp_violation_squared": [0.48483679259344725], "delta_action_sqaured": [0.636890859420851]}}