{"base": {"rewards": [-746.9397877794274], "ene_cost": [7.162639636278628], "total_temp_violation": [2.0009065168305966], "max_temp_violation": [2.324494511283717], "temp_violation_squared": [13.759321344200727], "delta_action_sqaured": [1.6916502807363774]}, "mpc": {"rewards": [-612.3722479276448], "ene_cost": [6.055185025408429], "total_temp_violation": [1.9891235438352055], "max_temp_violation": [0.21515939596287126], "temp_violation_squared": [0.48483679259344725], "delta_action_sqaured": [0.636890859420851]}}