{"base": {"energy": [57.479359665399826], "energy_cost": [7.026461569302897], "total_temp_violation": [0.09741547996391375], "max_temp_violation": [0.389661919855655]}, "mpc": {"energy": [48.089036748996506], "energy_cost": [5.895625683434513], "total_temp_violation": [15.578527488206362], "max_temp_violation": [0.7942387890120699]}}