{"energy": 59.1392397428468, "energy_cost": 5.343494044407904, "total_temp_violation": 13.619504901219429, "max_temp_violation": 1.3060285915858003}