{"energy": 56.69917871302008, "energy_cost": 5.404095124237286, "total_temp_violation": 13.391798122365202, "max_temp_violation": 0.8998136031059971}