{"base": {"temp_violation": [-37150.718794454144], "energy_cost": [-0.6404891635949223]}, "mpc": {"temp_violation": [-30847.057387806104], "energy_cost": [-0.34157751262254943]}, "drl": {"temp_violation": [-43967.35767613721], "energy_cost": [-2.816955303701343]}}