,rewards,energy,ene_cost,total_temp_violation,max_temp_violation,delta_action,temp_violation_squared,delta_action_sqaured
base,-734.8064987710306,57.54177783092461,7.1076598394490755,1.6409165908524415,2.314769234311086,1.9171303874075303,10.638665401096102,1.3401849425026962
mpc,-577.6094915723158,53.65386814331117,5.6391932688123685,3.914927474004287,0.5985530939398132,3.650857552685089,4.284856971935865,0.9405307719143072
ddqn,-549.4715415254824,63.992045174703115,5.112279286620098,9.680130832839453,0.8058377852017884,4.34,16.49961286347254,2.1744000000000003
ppo,-613.6786666271591,46.918953346804415,5.781745062493021,18.24419428615448,0.9204362778859831,2.318647563457489,29.130735458640785,0.6373424919216291
qrdqn,-576.0894253918262,54.55342924433291,5.383326447591555,13.905738003572779,0.8559379765472954,2.6500000000000004,26.980780632670736,1.0776
sac,-583.4327713910354,54.7604127112611,5.704753502275587,3.9005241199008793,1.7181547686085423,2.1368334889411926,8.676027109947485,0.42813940535292794
