{"base": {"rewards": [-725.5273346808629], "ene_cost": [7.108429396307003], "total_temp_violation": [0.5439273524472128], "max_temp_violation": [1.8861204405437206]}, "mpc": {"rewards": [-632.4719221230605], "ene_cost": [6.001404389090951], "total_temp_violation": [12.501145932920252], "max_temp_violation": [0.8511185019964955]}}