{"base": {"rewards": [-725.5273346808629], "ene_cost": [7.108429396307003], "total_temp_violation": [0.5439273524472128], "max_temp_violation": [1.8861204405437206]}, "mpc": {"rewards": [-632.487814361108], "ene_cost": [6.001482552027841], "total_temp_violation": [12.511838511946678], "max_temp_violation": [0.848501019034984]}}