{"base": {"rewards": [-725.6009591664617], "ene_cost": [7.10917442041223], "total_temp_violation": [0.5439026769235795], "max_temp_violation": [1.8857407906803019]}, "mpc": {"rewards": [-632.4673890315105], "ene_cost": [6.001381932619963], "total_temp_violation": [12.499388009310081], "max_temp_violation": [0.8511348504708849]}}