{"mpc": 27.29732590647679, "ddqn": 17.673484183443325, "qrdqn": 26.07212547209051, "ppo": 6.460023528784555, "sac": 14.599303592496273}