{"base": {"rewards": [-725.6009591664617], "ene_cost": [7.10917442041223], "total_temp_violation": [0.5439026769235795], "max_temp_violation": [1.8857407906803019], "temp_violation_squared": [3.6400428984252824], "delta_action_sqaured": [1.1043474226813355]}, "mpc": {"rewards": [-577.4878129743257], "ene_cost": [5.6385709200511736], "total_temp_violation": [3.850023865196846], "max_temp_violation": [0.5973699130167915], "temp_violation_squared": [4.225413250065214], "delta_action_sqaured": [0.9405307719143072]}}