{"base": {"rewards": [-746.9397877794274], "ene_cost": [7.162639636278628], "total_temp_violation": [2.0009065168305966], "max_temp_violation": [2.324494511283717], "temp_violation_squared": [13.759321344200727], "delta_action_sqaured": [1.6916502807363774]}, "mpc": {"rewards": [-577.4878129743257], "ene_cost": [5.6385709200511736], "total_temp_violation": [3.850023865196846], "max_temp_violation": [0.5973699130167915], "temp_violation_squared": [4.225413250065214], "delta_action_sqaured": [0.9405307719143072]}}