{"alpha": [0.10822811516887883, 0.09975943199300234, -0.04103268968397382, 0.5450850935014209], "beta": -6.695732743054505, "gamma": 0.2879550522942375}