{"base": {"rewards": [-725.5273346808629], "ene_cost": [7.108429396307003], "total_temp_violation": [0.5439273524472128], "max_temp_violation": [1.8861204405437206], "temp_violation_squared": [3.641312087345296], "delta_action_sqaured": [1.1043082962817246]}, "mpc": {"rewards": [-633.2941340440157], "ene_cost": [4.977302626009386], "total_temp_violation": [22.34193372012497], "max_temp_violation": [3.5912782957746003], "temp_violation_squared": [129.33251187782633], "delta_action_sqaured": [0.623135956525065]}}