{"base": {"rewards": [-746.9397877794274], "ene_cost": [7.162639636278628], "total_temp_violation": [2.0009065168305966], "max_temp_violation": [2.324494511283717], "temp_violation_squared": [13.759321344200727], "delta_action_sqaured": [1.6916502807363774]}, "mpc": {"rewards": [-596.3404754532849], "ene_cost": [5.228167345567877], "total_temp_violation": [11.033249709790027], "max_temp_violation": [3.4084808959241286], "temp_violation_squared": [57.2480191245394], "delta_action_sqaured": [1.627572177195776]}}