{"base": {"rewards": -746.9397877794274, "energy": 57.37203154523426, "ene_cost": 7.162639636278628, "total_temp_violation": 2.0009065168305966, "max_temp_violation": 2.324494511283717, "delta_action": 1.841028565061952, "temp_violation_squared": 13.759321344200727, "delta_action_sqaured": 1.6916502807363774}, "mpc": {"rewards": -556.9527831468279, "energy": 63.89991272221476, "ene_cost": 5.199678136638863, "total_temp_violation": 11.681136558066271, "max_temp_violation": 1.2086287061976577, "delta_action": 3.23780171025, "temp_violation_squared": 31.082236079838417, "delta_action_sqaured": 0.5902733403103135}}