{"u_opt": [0.1, 0.1, 0.1, 0.1, 0.1, 0.1, 0.1, 0.1, 0.1, 0.1, 0.1, 0.1, 0.1, 0.1, 0.1, 0.1, 0.10000000000000082, 0.10000000000000557, 0.1000000000000032, 0.10000000000000192, 0.10000000000000163, 0.10000000000000772, 0.10000000000000012, 0.10000000000000313, 0.10000000000000134, 0.10000000000000189, 0.10000000000000098, 0.10000000000000062, 0.10000000000000316, 0.1000000000000059, 0.10000000000000037, 0.10000000000000031, 0.10000000000000803, 0.1000000000000022, 0.10190314452964083, 0.2909435183637388, 0.21281319516398428, 0.30710184723525363, 0.19316463185488536, 0.29365671832437523, 0.34840166734451616, 0.12792464373963205, 0.3678932644861761, 0.4576666511738158, 0.4682987449474127, 0.513251941514856, 0.5580709430620521, 0.5598943408693813, 0.7680886426559252, 0.4153517666387546, 0.8609963365559631, 0.6055484801362259, 0.5443106602504016, 0.5189331170616247, 0.7552484427938828, 0.44914097347648346, 0.5578521205709089, 0.5256532671320588, 0.3927969808695792, 0.6390843980271517, 0.6206315424612461, 0.6464543878440442, 0.24347997720986303, 0.6324072042795086, 0.37029664693799025, 0.3117006229129349, 0.2711619046538085, 0.3006084600175231, 0.11911963097135875, 0.2464948804174172, 0.12255563242526069, 0.4984892548306847, 0.27106294202551284, 0.17450057637846286, 0.17344960806863832, 0.19822739694844688, 0.8008415322361901, 0.1662830052910821, 0.45261425043791653, 0.14280392667761793, 0.19983216289551528, 0.5178361592138444, 0.2710805799852417, 0.20758896220162293, 0.4624232451327005, 0.2603454363672424, 0.22425475857239058, 0.1525669723241771, 0.18159565540157596, 0.17027903202372416, 0.18997033052581883, 0.11438830837280205, 0.12134051129115206, 0.10000000000000465, 0.10000000000000087, 0.10000000000000135], "t_opt": [19440000.0, 19440900.0, 19441800.0, 19442700.0, 19443600.0, 19444500.0, 19445400.0, 19446300.0, 19447200.0, 19448100.0, 19449000.0, 19449900.0, 19450800.0, 19451700.0, 19452600.0, 19453500.0, 19454400.0, 19455300.0, 19456200.0, 19457100.0, 19458000.0, 19458900.0, 19459800.0, 19460700.0, 19461600.0, 19462500.0, 19463400.0, 19464300.0, 19465200.0, 19466100.0, 19467000.0, 19467900.0, 19468800.0, 19469700.0, 19470600.0, 19471500.0, 19472400.0, 19473300.0, 19474200.0, 19475100.0, 19476000.0, 19476900.0, 19477800.0, 19478700.0, 19479600.0, 19480500.0, 19481400.0, 19482300.0, 19483200.0, 19484100.0, 19485000.0, 19485900.0, 19486800.0, 19487700.0, 19488600.0, 19489500.0, 19490400.0, 19491300.0, 19492200.0, 19493100.0, 19494000.0, 19494900.0, 19495800.0, 19496700.0, 19497600.0, 19498500.0, 19499400.0, 19500300.0, 19501200.0, 19502100.0, 19503000.0, 19503900.0, 19504800.0, 19505700.0, 19506600.0, 19507500.0, 19508400.0, 19509300.0, 19510200.0, 19511100.0, 19512000.0, 19512900.0, 19513800.0, 19514700.0, 19515600.0, 19516500.0, 19517400.0, 19518300.0, 19519200.0, 19520100.0, 19521000.0, 19521900.0, 19522800.0, 19523700.0, 19524600.0, 19525500.0]}